category,band,artist,title,lyricist,composer,arranger
original,poppinparty,Poppin'Party,Yes! BanG_Dream!,中村航,上松範康（Elements Garden）,藤永龍太郎（Elements Garden）
original,poppinparty,Poppin'Party,ぽっぴん’しゃっふる,中村航,上松範康（Elements Garden）,藤永龍太郎（Elements Garden）
original,poppinparty,Poppin'Party,STAR BEAT!〜ホシノコドウ〜,中村航,上松範康（Elements Garden）,藤永龍太郎（Elements Garden）
original,poppinparty,Poppin'Party,夏空 SUN! SUN! SEVEN!,中村航,上松範康（Elements Garden）,藤永龍太郎（Elements Garden）
original,poppinparty,Poppin'Party,走り始めたばかりのキミに,中村航,上松範康（Elements Garden）,藤永龍太郎（Elements Garden）
original,poppinparty,Poppin'Party,ティアドロップス,中村航,上松範康（Elements Garden）,末益涼太（Elements Garden）
original,poppinparty,Poppin'Party,ときめきエクスペリエンス！,中村航,上松範康（Elements Garden）,藤間仁（Elements Garden）
original,poppinparty,Poppin'Party,1000回潤んだ空,上松範康（Elements Garden）,上松範康（Elements Garden）,藤永龍太郎（Elements Garden）
original,poppinparty,Poppin'Party,キラキラだとか夢だとか ～Sing Girls～,中村航,藤永龍太郎（Elements Garden）,藤永龍太郎（Elements Garden）
original,poppinparty,Poppin'Party,前へススメ！,中村航,上松範康（Elements Garden）,藤田淳平（Elements Garden）
original,poppinparty,Poppin'Party,夢みるSunflower,中村航,藤田淳平（Elements Garden）,藤田淳平（Elements Garden）
original,poppinparty,Poppin'Party,キミにもらったもの,中村航,母里治樹（Elements Garden）,母里治樹（Elements Garden）
original,poppinparty,Poppin'Party,八月のif,中村航,藤永龍太郎（Elements Garden）,藤永龍太郎（Elements Garden）
original,poppinparty,Poppin'Party,Time Lapse,中村航,上松範康（Elements Garden）,藤田淳平（Elements Garden）
original,poppinparty,Poppin'Party,クリスマスのうた,中村航,菊田大介（Elements Garden）,岩橋星実（Elements Garden）
original,poppinparty,Poppin'Party,B.O.F,中村航,DAIGO,宅見将典
original,poppinparty,Poppin'Party,CiRCLING,中村航,岩橋星実（Elements Garden）,岩橋星実（Elements Garden）
original,poppinparty,Poppin'Party,Light Delight,中村航,藤永龍太郎（Elements Garden）,藤永龍太郎（Elements Garden）
original,poppinparty,Poppin'Party,私の心はチョココロネ,織田あすか（Elements Garden）,藤田淳平（Elements Garden）,藤田淳平（Elements Garden）
original,poppinparty,Poppin'Party,二重の虹（ダブル レインボウ）,中村航,菊田大介（Elements Garden）,菊田大介（Elements Garden）
original,poppinparty,Poppin'Party,最高（さあ行こう）！,中村航,藤田淳平（Elements Garden）,藤田淳平（Elements Garden）
original,poppinparty,Poppin'Party,ガールズコード,中村航,藤永龍太郎（Elements Garden）,藤永龍太郎（Elements Garden）
original,poppinparty,Poppin'Party,Home Street,中村航,都丸椋太（Elements Garden）,都丸椋太（Elements Garden）
original,poppinparty,Poppin'Party,キズナミュージック♪,中村 航,藤永龍太郎（Elements Garden）,藤永龍太郎（Elements Garden）
original,poppinparty,Poppin'Party,Jumpin',中村 航,上松範康（Elements Garden）,岩橋星実（Elements Garden）
original,poppinparty,戸山香澄,どきどきSING OUT!,中村航,藤間仁（Elements Garden）,藤間仁（Elements Garden）
original,poppinparty,花園たえ,花園電気ギター！！！,中村航,母里治樹（Elements Garden）,母里治樹（Elements Garden）
original,poppinparty,牛込りみ,チョコレイトの低音レシピ,中村航,末益涼太（Elements Garden）,末益涼太（Elements Garden）
original,poppinparty,山吹沙綾,遠い音楽～ハートビート～,中村航,菊田大介（Elements Garden）,菊田大介（Elements Garden）
original,poppinparty,市ヶ谷有咲,す、好きなんかじゃない！,中村航,岩橋星実（Elements Garden）,岩橋星実（Elements Garden）
original,poppinparty,Poppin'Party,Happy Happy Party！,中村航,藤永龍太郎（Elements Garden）,藤永龍太郎（Elements Garden）
original,poppinparty,Poppin'Party,夏のドーン！,中村航,岩橋星実（Elements Garden）,岩橋星実（Elements Garden）
original,poppinparty,Poppin'Party,SAKURA MEMORIES,中村航,藤間仁（Elements Garden）,藤間仁（Elements Garden）
original,poppinparty,Poppin'Party,Returns,中村航,上松範康（Elements Garden）,藤田淳平（Elements Garden）
original,poppinparty,Poppin'Party,Dreamers Go!,中村航,菊田大介（Elements Garden）,菊田大介（Elements Garden）
original,poppinparty,Poppin'Party,NO GIRL NO CRY,中村航,藤永龍太郎（Elements Garden）,藤永龍太郎（Elements Garden）
original,poppinparty,Poppin'Party,アニバーサリー,中村航,岩橋星実（Elements Garden）,岩橋星実（Elements Garden）
original,poppinparty,Poppin'Party,切ないSandglass,中村航,上松範康（Elements Garden）,菊田大介（Elements Garden）
original,poppinparty,Poppin'Party,Hello! Wink!,中村航,藤永龍太郎（Elements Garden）,藤永龍太郎（Elements Garden）
original,poppinparty,Poppin'Party,What's the POPIPA!?,中村航,菊田大介（Elements Garden）,菊田大介（Elements Garden）
original,poppinparty,Poppin'Party,White Afternoon,中村航,上松範康（Elements Garden）,藤永龍太郎（Elements Garden）
original,poppinparty,Poppin'Party,イニシャル,中村航,上松範康（Elements Garden）,藤永龍太郎（Elements Garden）
original,poppinparty,Poppin'Party,夢を撃ち抜く瞬間に！,中村航,上松範康（Elements Garden）,竹田祐介（Elements Garden）
original,poppinparty,Poppin'Party,開けたらDream!,中村航,笠井雄太（Elements Garden）,笠井雄太（Elements Garden）
original,poppinparty,Poppin'Party,Step×Step！,中村航,岩橋星実（Elements Garden）,岩橋星実（Elements Garden）
original,poppinparty,Poppin'Party,ミライトレイン,中村航,藤永龍太郎（Elements Garden）,藤永龍太郎（Elements Garden）
original,poppinparty,Poppin'Party,Breakthrough!,中村航,藤間仁（Elements Garden）,藤間仁（Elements Garden）
original,poppinparty,Poppin'Party,Photograph,中村航,岩橋星実（Elements Garden）,岩橋星実（Elements Garden）
original,poppinparty,Poppin'Party,Sweets BAN!,中村航,下田晃太郎（Elements Garden）,下田晃太郎（Elements Garden）
original,poppinparty,Poppin'Party,Live Beyond!!,中村航,藤永龍太郎（Elements Garden）,藤永龍太郎（Elements Garden）
original,poppinparty,Poppin'Party,ここから先は歌にならない,中村航,藤田淳平（Elements Garden）,日高勇輝（Elements Garden）
original,poppinparty,Poppin'Party,夏に閉じこめて,中村航,都丸椋太（Elements Garden）,都丸椋太（Elements Garden）
original,poppinparty,Poppin'Party,勇気Limit！,中村航,近藤世真（Elements Garden）,近藤世真（Elements Garden）
original,poppinparty,Poppin'Party,イントロダクション,Ayase,Ayase,Ayase/藤田淳平（Elements Garden）
original,poppinparty,Poppin'Party,ぽっぴん'どりーむ！,中村航,上松範康（Elements Garden）,藤田淳平（Elements Garden）
original,poppinparty,Poppin'Party,星の約束,中村航,笠井雄太（Elements Garden）,笠井雄太（Elements Garden）
original,poppinparty,Poppin'Party,大好き！,中村航,上松範康（Elements Garden）,岩橋星実（Elements Garden）
original,poppinparty,Poppin'Party,Moonlight Walk,中村航,日高勇輝（Elements Garden）,日高勇輝（Elements Garden）
original,poppinparty,Poppin'Party,Future Place,中村航,笠井雄太（Elements Garden）,笠井雄太（Elements Garden）
original,poppinparty,Poppin'Party,Five Letters,中村航,藤間仁（Elements Garden）,藤間仁（Elements Garden）
original,poppinparty,Poppin'Party,RiNG A BELL,中村航,近藤世真（Elements Garden）,近藤世真（Elements Garden）
original,poppinparty,Poppin'Party,新しい季節に,中村航,菊田大介（Elements Garden）,菊田大介（Elements Garden）
original,poppinparty,Poppin'Party,最強☆ソング,HoneyWorks,HoneyWorks,HoneyWorks
original,poppinparty,Poppin'Party,ほな！,中村航,藤田淳平（Elements Garden）,藤田淳平（Elements Garden）
original,poppinparty,Poppin'Party,青春 To Be Continued,中村航,上松範康（Elements Garden）,下田晃太郎（Elements Garden）
original,poppinparty,Poppin'Party,Chu Chueen!,中村航,日高勇輝（Elements Garden）,日高勇輝（Elements Garden）
original,poppinparty,Poppin'Party,トレモロアイズ,中村航,笠井雄太（Elements Garden）,笠井雄太（Elements Garden）
original,poppinparty,Poppin'Party,雨上がり、キミと,中村航,岩橋星実（Elements Garden）,岩橋星実（Elements Garden）
original,poppinparty,Poppin'Party,花咲く未来に,中村航,近藤世真（Elements Garden）,近藤世真（Elements Garden）
original,poppinparty,Poppin'Party,DOKI DOKI SCARY,中村航,都丸椋太(Elements Garden),都丸椋太(Elements Garden)
original,poppinparty,Poppin'Party,TARINAI,中村航,上松範康（Elements Garden）,藤永龍太郎（Elements Garden）
original,poppinparty,Poppin'Party,とっておきAnswer,中村航,藤田淳平（Elements Garden）,藤田淳平（Elements Garden）
original,poppinparty,Poppin'Party,Tomorrow’s Door,中村航,上松範康（Elements Garden）,藤永龍太郎（Elements Garden）
original,poppinparty,Poppin'Party,Drive Your Heart,中村航,藤永龍太郎（Elements Garden）,藤永龍太郎（Elements Garden）
original,poppinparty,Poppin'Party,世界中の青空をあつめて,中村航,日高勇輝（Elements Garden）,日高勇輝（Elements Garden）
original,afterglow,Afterglow,That Is How I Roll!,織田あすか（Elements Garden）,岩橋星実（Elements Garden）,岩橋星実（Elements Garden）
original,afterglow,Afterglow,Scarlet Sky,織田あすか（Elements Garden）,岩橋星実（Elements Garden）,岩橋星実（Elements Garden）
original,afterglow,Afterglow,True color,織田あすか（Elements Garden）,岩橋星実（Elements Garden）,岩橋星実（Elements Garden）
original,afterglow,Afterglow,Hey-day狂騒曲（カプリチオ）,織田あすか（Elements Garden）,藤田淳平（Elements Garden）,藤田淳平（Elements Garden）
original,afterglow,Afterglow,Y.O.L.O！！！！！,織田あすか（Elements Garden）,藤田淳平（Elements Garden）,都丸椋太（Elements Garden）
original,afterglow,Afterglow,Jamboree!Journey!,織田あすか（Elements Garden）,藤田淳平（Elements Garden）,藤田淳平（Elements Garden）
original,afterglow,Afterglow,COMIC PANIC!!!,織田あすか（Elements Garden）,都丸椋太（Elements Garden）,都丸椋太（Elements Garden）
original,afterglow,Afterglow,ツナグ、ソラモヨウ,織田あすか（Elements Garden）,岩橋星実（Elements Garden）,岩橋星実（Elements Garden）
original,afterglow,Afterglow,ランブリングメモリー,織田あすか（Elements Garden）,岩橋星実（Elements Garden）,岩橋星実（Elements Garden）
original,afterglow,Afterglow,ON YOUR MARK,織田あすか（Elements Garden）,岩橋星実（Elements Garden）,都丸椋太（Elements Garden）
original,afterglow,Afterglow,いつも通りのBrand new days,織田あすか（Elements Garden）,藤田淳平（Elements Garden）,藤田淳平（Elements Garden）
original,afterglow,Afterglow,"Easy come, Easy go！",織田あすか（Elements Garden）,都丸椋太（Elements Garden）,都丸椋太（Elements Garden）
original,afterglow,Afterglow,Sasanqua,織田あすか(Elements Garden),藤間 仁（Elements Garden）,藤間 仁（Elements Garden）
original,afterglow,Afterglow,I love your way！,織田あすか(Elements Garden),菊田大介（Elements Garden）,菊田大介（Elements Garden）
original,afterglow,Afterglow,RED RED RED,織田あすか（Elements Garden）,岩橋星実（Elements Garden）,岩橋星実（Elements Garden）
original,afterglow,Afterglow,I knew it!,織田あすか（Elements Garden）,藤永龍太郎（Elements Garden）,藤永龍太郎（Elements Garden）
original,afterglow,Afterglow,ONE OF US,織田あすか（Elements Garden）,藤田淳平（Elements Garden）,藤田淳平（Elements Garden）
original,afterglow,Afterglow,SENSENFUKOKU,織田あすか（Elements Garden）,都丸椋太（Elements Garden）,都丸椋太（Elements Garden）
original,afterglow,Afterglow,カナユメ,織田あすか（Elements Garden）,藤永龍太郎（Elements Garden）,藤永龍太郎（Elements Garden）
original,afterglow,Afterglow,Trouble Joyful!!,織田あすか（Elements Garden）,藤田淳平（Elements Garden）,藤田淳平（Elements Garden）
original,afterglow,Afterglow,Off we go.,織田あすか（Elements Garden）,藤間仁（Elements Garden）,藤間仁（Elements Garden）
original,afterglow,Afterglow,サクラゼンセン,織田あすか（Elements Garden）,日高勇輝（Elements Garden）,日高勇輝（Elements Garden）
original,afterglow,Afterglow,SWITCH ON NOW,織田あすか（Elements Garden）,上松範康（Elements Garden）,日高勇輝（Elements Garden）
original,afterglow,Afterglow,独創収差,TK,TK,TK
original,afterglow,Afterglow,Punchline Halloween!!!,織田あすか（Elements Garden）,岩橋星実（Elements Garden）,岩橋星実（Elements Garden）
original,afterglow,Afterglow,IGNITE GLOW,織田あすか（Elements Garden）,都丸椋太（Elements Garden）,堀川大翼（Elements Garden）
original,afterglow,Afterglow,Made My Day,織田あすか（Elements Garden）,堀川大翼（Elements Garden）,堀川大翼（Elements Garden）
original,afterglow,Afterglow,ペトリコール・オベーション,織田あすか（Elements Garden）,日高勇輝（Elements Garden）,日高勇輝（Elements Garden）
original,afterglow,Afterglow,極彩色,織田あすか（Elements Garden）,日高勇輝（Elements Garden）,日高勇輝（Elements Garden）
original,afterglow,Afterglow,燦々,じん,じん,廣澤優也(HANO)
original,afterglow,Afterglow,That's why I'm here,織田あすか（Elements Garden）,笠井雄太（Elements Garden）,笠井雄太（Elements Garden）
original,afterglow,Afterglow,A Sunset So Bright,織田あすか（Elements Garden）,堀川大翼（Elements Garden）,堀川大翼（Elements Garden）
original,afterglow,Afterglow,Glowing After,織田あすか（Elements Garden）,近藤世真（Elements Garden）,近藤世真（Elements Garden）
original,afterglow,Afterglow,Start as Usual,織田あすか（Elements Garden）,日高勇輝（Elements Garden）,日高勇輝（Elements Garden）
original,afterglow,Afterglow,“Say cheese!!!!!”,織田あすか（Elements Garden）,日高勇輝（Elements Garden）,日高勇輝（Elements Garden）
original,afterglow,Afterglow,花笑みのデュオ,織田あすか（Elements Garden）,笠井雄太（Elements Garden）,笠井雄太（Elements Garden）
original,afterglow,Afterglow,Against the Light,織田あすか（Elements Garden）,藤間仁（Elements Garden）,藤間仁（Elements Garden）
original,afterglow,Afterglow,Feel so good!,織田あすか（Elements Garden）,近藤世真（Elements Garden）,近藤世真（Elements Garden）
original,afterglow,Afterglow,Part of the Life,織田あすか（Elements Garden）,都丸椋太（Elements Garden）,都丸椋太（Elements Garden）
original,pastel-palettes,Pastel＊Palettes,しゅわりん☆どり〜みん,織田あすか（Elements Garden）,末益涼太（Elements Garden）,末益涼太（Elements Garden）
original,pastel-palettes,Pastel＊Palettes,はなまる◎アンダンテ,織田あすか（Elements Garden）,末益涼太（Elements Garden）,末益涼太（Elements Garden）
original,pastel-palettes,Pastel＊Palettes,パスパレボリューションず☆,織田あすか（Elements Garden）,末益涼太（Elements Garden）,末益涼太（Elements Garden）
original,pastel-palettes,Pastel＊Palettes,ゆら・ゆらRing-Dong-Dance,織田あすか（Elements Garden）,菊田大介（Elements Garden）,菊田大介（Elements Garden）
original,pastel-palettes,Pastel＊Palettes,SURVIVOR ねばーぎぶあっぷ！,織田あすか（Elements Garden）,藤田淳平（Elements Garden）,藤田淳平（Elements Garden）
original,pastel-palettes,Pastel＊Palettes,Wonderland Girl,織田あすか（Elements Garden）,菊田大介（Elements Garden）,菊田大介（Elements Garden）
original,pastel-palettes,Pastel＊Palettes,天下トーイツA to Z☆,織田あすか（Elements Garden）,都丸椋太（Elements Garden）,都丸椋太（Elements Garden）
original,pastel-palettes,Pastel＊Palettes,もういちど ルミナス,織田あすか（Elements Garden）,末益涼太（Elements Garden）,末益涼太（Elements Garden）
original,pastel-palettes,Pastel＊Palettes,ゼッタイ宣言～Recital～,織田あすか（Elements Garden）,藤田淳平（Elements Garden）,藤田淳平（Elements Garden）
original,pastel-palettes,Pastel＊Palettes,ぎゅっDAYS♪,織田あすか（Elements Garden）,竹田祐介（Elements Garden）,竹田祐介（Elements Garden）
original,pastel-palettes,Pastel＊Palettes,きゅ〜まい＊flower,織田あすか（Elements Garden）,末益涼太（Elements Garden）,竹田祐介（Elements Garden）
original,pastel-palettes,Pastel＊Palettes,ワクワクmeetsトリップ,織田あすか（Elements Garden）,菊田大介（Elements Garden）,菊田大介（Elements Garden）
original,pastel-palettes,Pastel＊Palettes,あっつあつ 常夏 らぶ☆サマー！,織田あすか（Elements Garden）,笠井雄太（Elements Garden）,笠井雄太（Elements Garden）
original,pastel-palettes,Pastel＊Palettes,ゆめゆめグラデーション,織田あすか(Elements Garden),都丸椋太（Elements Garden）,都丸椋太（Elements Garden）
original,pastel-palettes,Pastel＊Palettes,Wonderful Sweet！,織田あすか(Elements Garden),岩橋星実（Elements Garden）,岩橋星実（Elements Garden）
original,pastel-palettes,Pastel＊Palettes,Winking☆Cheer,織田あすか（Elements Garden）,都丸椋太（Elements Garden）,都丸椋太（Elements Garden）
original,pastel-palettes,Pastel＊Palettes,Power of LOVE!!!,織田あすか（Elements Garden）,岩橋星実（Elements Garden）,岩橋星実（Elements Garden）
original,pastel-palettes,Pastel＊Palettes,TITLE IDOL,織田あすか（Elements Garden）,笠井雄太（Elements Garden）,笠井雄太（Elements Garden）
original,pastel-palettes,Pastel＊Palettes,るんっ♪てぃてぃー！,織田あすか（Elements Garden）,岩橋星実（Elements Garden）,岩橋星実（Elements Garden）
original,pastel-palettes,Pastel＊Palettes,パッパレ☆人生！バーン万歳！,織田あすか（Elements Garden）,上松範康（Elements Garden）,都丸椋太（Elements Garden）
original,pastel-palettes,Pastel＊Palettes,Brand new Pastel Road！,ZAQ,ZAQ,ZAQ
original,pastel-palettes,Pastel＊Palettes,あこがれacross,織田あすか（Elements Garden）,藤間仁（Elements Garden）,藤間仁（Elements Garden）
original,pastel-palettes,Pastel＊Palettes,ハレハレ☆フォーチュン,織田あすか（Elements Garden）,藤田淳平（Elements Garden）,近藤世真（Elements Garden）
original,pastel-palettes,Pastel＊Palettes,ハナヒバナ,織田あすか（Elements Garden）,日高勇輝（Elements Garden）,日高勇輝（Elements Garden）
original,pastel-palettes,Pastel＊Palettes,everyday flower,織田あすか（Elements Garden）,近藤世真（Elements Garden）,近藤世真（Elements Garden）
original,pastel-palettes,Pastel＊Palettes,Radiate Warriors,織田あすか（Elements Garden）,菊田大介（Elements Garden）,菊田大介（Elements Garden）
original,pastel-palettes,Pastel＊Palettes,ドラマチック！アライブ,織田あすか（Elements Garden）,笠井雄太（Elements Garden）,笠井雄太（Elements Garden）
original,pastel-palettes,Pastel＊Palettes,ReReReエボリューションず☆,織田あすか（Elements Garden）,藤間仁（Elements Garden）,藤間仁（Elements Garden）
original,pastel-palettes,Pastel＊Palettes,トリドリ＊パレット,織田あすか（Elements Garden）,藤田淳平（Elements Garden）,藤田淳平（Elements Garden）
original,pastel-palettes,Pastel＊Palettes,フレっとパレットFight Song!!,織田あすか（Elements Garden）,岩橋星実（Elements Garden）,岩橋星実（Elements Garden）
original,pastel-palettes,Pastel＊Palettes,With〜きみとわたしたちの物語〜,織田あすか（Elements Garden）,都丸椋太（Elements Garden）,都丸椋太（Elements Garden）
original,pastel-palettes,Pastel＊Palettes,ホワイト ノスタルジア,織田あすか（Elements Garden）,菊田大介（Elements Garden）,菊田大介（Elements Garden）
original,pastel-palettes,Pastel＊Palettes,Y.O.L.O！！！！！(パスパレver.),織田あすか（Elements Garden）,藤田淳平（Elements Garden）,都丸椋太（Elements Garden）
original,pastel-palettes,Pastel＊Palettes,Shine ☆n My Life!,織田あすか（Elements Garden）,笠井雄太（Elements Garden）,笠井雄太（Elements Garden）
original,pastel-palettes,Pastel＊Palettes,スキ×すき×カラフリィ,織田あすか（Elements Garden）,岩橋星実（Elements Garden）,岩橋星実（Elements Garden）
original,pastel-palettes,Pastel＊Palettes,きみCharmin',織田あすか（Elements Garden）,竹田祐介（Elements Garden）,竹田祐介（Elements Garden）
original,roselia,Roselia,BLACK SHOUT,織田あすか（Elements Garden）,上松範康（Elements Garden）,藤永龍太郎（Elements Garden）
original,roselia,Roselia,LOUDER,織田あすか（Elements Garden）,藤永龍太郎（Elements Garden）,藤永龍太郎（Elements Garden）
original,roselia,Roselia,Re:birth day,織田あすか（Elements Garden）,藤永龍太郎（Elements Garden）,藤永龍太郎（Elements Garden）
original,roselia,Roselia,陽だまりロードナイト,織田あすか（Elements Garden）,藤永龍太郎（Elements Garden）,藤永龍太郎（Elements Garden）
original,roselia,Roselia,熱色スターマイン,織田あすか（Elements Garden）,上松範康（Elements Garden）,藤永龍太郎（Elements Garden）
original,roselia,Roselia,-HEROIC ADVENT-,織田あすか（Elements Garden）,藤田淳平（Elements Garden）,藤永龍太郎（Elements Garden）
original,roselia,Roselia,Determination Symphony,織田あすか（Elements Garden）,藤永龍太郎（Elements Garden）,藤永龍太郎（Elements Garden）
original,roselia,Roselia,ONENESS,織田あすか（Elements Garden）,上松範康（Elements Garden）,藤永龍太郎（Elements Garden）
original,roselia,Roselia,Opera of the wasteland,織田あすか（Elements Garden）,藤永龍太郎（Elements Garden）,藤永龍太郎（Elements Garden）
original,roselia,Roselia,軌跡,織田あすか（Elements Garden）,藤永龍太郎（Elements Garden）,藤永龍太郎（Elements Garden）
original,roselia,Roselia,Neo-Aspect,織田あすか（Elements Garden）,藤永龍太郎（Elements Garden）,藤永龍太郎（Elements Garden）
original,roselia,Roselia,Legendary,織田あすか（Elements Garden）,上松範康（Elements Garden）,藤永龍太郎（Elements Garden）
original,roselia,Roselia,Sanctuary,織田あすか（Elements Garden）,藤永龍太郎（Elements Garden）,藤永龍太郎（Elements Garden）
original,roselia,Roselia,PASSIONATE ANTHEM,織田あすか（Elements Garden）,藤永龍太郎（Elements Garden）,藤永龍太郎（Elements Garden）
original,roselia,Roselia,R,織田あすか（Elements Garden）,上松範康（Elements Garden）,藤永龍太郎（Elements Garden）
original,roselia,Roselia,BRAVE JEWEL,織田あすか（Elements Garden）,上松範康（Elements Garden）,藤永龍太郎（Elements Garden）
original,roselia,Roselia,Safe and Sound,織田あすか（Elements Garden）,藤田淳平（Elements Garden）,藤永龍太郎（Elements Garden）
original,roselia,Roselia,Ringing Bloom,織田あすか（Elements Garden）,藤永龍太郎（Elements Garden）,藤永龍太郎（Elements Garden）
original,roselia,Roselia,FIRE BIRD,上松範康（Elements Garden）,上松範康（Elements Garden）,藤永龍太郎（Elements Garden）
original,roselia,Roselia,約束,織田あすか（Elements Garden）,竹田祐介（Elements Garden）,竹田祐介（Elements Garden）
original,roselia,Roselia,“UNIONS” Road,織田あすか（Elements Garden）,藤永龍太郎（Elements Garden）,藤永龍太郎（Elements Garden）
original,roselia,Roselia,Song I am.,織田あすか(Elements Garden),藤永龍太郎（Elements Garden）,藤永龍太郎（Elements Garden）
original,roselia,Roselia,Break your desire,Spirit Garden,上松範康（Elements Garden）,藤永龍太郎（Elements Garden）
original,roselia,Roselia,Avant-garde HISTORY,織田あすか（Elements Garden）,藤田淳平（Elements Garden）,藤田淳平（Elements Garden）
original,roselia,Roselia,Blessing Chord,織田あすか（Elements Garden）,竹田祐介（Elements Garden）,竹田祐介（Elements Garden）
original,roselia,Roselia,ZEAL of proud,織田あすか（Elements Garden）,藤永龍太郎（Elements Garden）,藤永龍太郎（Elements Garden）
original,roselia,Roselia,Keep Heart,織田あすか（Elements Garden）,竹田祐介（Elements Garden）,竹田祐介（Elements Garden）
original,roselia,Roselia,Original Call,織田あすか（Elements Garden）,菊田大介（Elements Garden）,菊田大介（Elements Garden）
original,roselia,Roselia,overtuRe,織田あすか（Elements Garden）,都丸椋太（Elements Garden）,都丸椋太（Elements Garden）
original,roselia,Roselia,Proud of oneself,Spirit Garden,上松範康（Elements Garden）,藤永龍太郎（Elements Garden）
original,roselia,Roselia,Sing Alive,織田あすか（Elements Garden）,藤永龍太郎（Elements Garden）,藤永龍太郎（Elements Garden）
original,roselia,Roselia,Singing “OURS”,Spirit Garden,竹田祐介（Elements Garden）,竹田祐介（Elements Garden）
original,roselia,Roselia,Sprechchor,織田あすか（Elements Garden）,藤永龍太郎（Elements Garden）,藤永龍太郎（Elements Garden）
original,roselia,Roselia,Our Carol,織田あすか（Elements Garden）,日高勇輝（Elements Garden）,日高勇輝（Elements Garden）
original,roselia,Roselia,閃光,Eve,Eve,Numa
original,roselia,Roselia,THE HISTORIC...,織田あすか（Elements Garden）,上松範康（Elements Garden）,日高勇輝（Elements Garden）
original,roselia,Roselia,ROZEN HORIZON,上松範康（Elements Garden）,上松範康（Elements Garden）,都丸椋太（Elements Garden）
original,roselia,Roselia,Swear ～Night & Day～,織田あすか（Elements Garden）,竹田祐介（Elements Garden）,竹田祐介（Elements Garden）
original,roselia,Roselia,Dear Gleam,織田あすか（Elements Garden）,岩橋星実（Elements Garden）,岩橋星実（Elements Garden）
original,roselia,Roselia,一逢のFull Glory,織田あすか（Elements Garden）,竹田祐介（Elements Garden）,Seonoo Kim（Elements Garden）
original,roselia,Roselia,Call the shots,織田あすか（Elements Garden）,藤田淳平（Elements Garden）,藤田淳平（Elements Garden）
original,roselia,Roselia,Sunlit Musical,織田あすか（Elements Garden）,上松範康（Elements Garden）,堀川大翼（Elements Garden）
original,roselia,Roselia,THRONE OF ROSE,織田あすか（Elements Garden）,笠井雄太（Elements Garden）,笠井雄太（Elements Garden）
original,roselia,Roselia,覚悟のLiberation,織田あすか（Elements Garden）,堀川大翼（Elements Garden）,堀川大翼（Elements Garden）
original,roselia,Roselia,VIOLET LINE,織田あすか（Elements Garden）,藤永龍太郎（Elements Garden）,藤永龍太郎（Elements Garden）
original,roselia,Roselia,Always recall.,織田あすか（Elements Garden）,日高勇輝（Elements Garden）,日高勇輝（Elements Garden）
original,roselia,Roselia,Floral Haven,織田あすか（Elements Garden）,藤永龍太郎（Elements Garden）,藤永龍太郎（Elements Garden）
original,roselia,Roselia,Sage der Rosen,織田あすか（Elements Garden）,藤田淳平（Elements Garden）,藤田淳平（Elements Garden）
original,roselia,Roselia,礎の花冠,織田あすか（Elements Garden）,藤永龍太郎（Elements Garden）,藤永龍太郎（Elements Garden）
original,roselia,Roselia,FRONTIER FANTASIA,織田あすか（Elements Garden）,竹田祐介（Elements Garden）,竹田祐介（Elements Garden）
original,roselia,Roselia,Grateful Melting,織田あすか（Elements Garden）,藤永龍太郎（Elements Garden）,藤永龍太郎（Elements Garden）
original,roselia,Roselia,Second to None,織田あすか（Elements Garden）,竹田祐介（Elements Garden）,竹田祐介（Elements Garden）
original,roselia,Roselia,Dazzle the Destiny,織田あすか（Elements Garden）,上松範康（Elements Garden）,都丸椋太（Elements Garden）
original,roselia,Roselia,Requiem for Fate,織田あすか（Elements Garden）,藤永龍太郎（Elements Garden）,藤永龍太郎（Elements Garden）
original,roselia,Roselia,紫炎,織田あすか（Elements Garden）,藤田淳平（Elements Garden）,藤田淳平（Elements Garden）
original,roselia,Roselia,Steadfast Spirits,織田あすか（Elements Garden）,都丸椋太（Elements Garden）,都丸椋太（Elements Garden）
original,roselia,Roselia,Fear Nothing,織田あすか（Elements Garden）,竹田祐介（Elements Garden）,竹田祐介（Elements Garden）
original,hello-happy-world,ハロー、ハッピーワールド！,えがおのオーケストラっ！,織田あすか（Elements Garden）,藤間仁（Elements Garden）,藤間仁（Elements Garden）
original,hello-happy-world,ハロー、ハッピーワールド！,ゴーカ！　ごーかい！？　ファントムシーフ！,織田あすか（Elements Garden）,藤間仁（Elements Garden）,藤間仁（Elements Garden）
original,hello-happy-world,ハロー、ハッピーワールド！,ハピネスっ！ハピィーマジカルっ♪,織田あすか（Elements Garden）,藤間仁（Elements Garden）,藤間仁（Elements Garden）
original,hello-happy-world,ハロー、ハッピーワールド！,せかいのっびのびトレジャー！,織田あすか（Elements Garden）,末益涼太（Elements Garden）,末益涼太（Elements Garden）
original,hello-happy-world,ハロー、ハッピーワールド！,YAPPY！SCHOOL CARNIVAL☆彡,織田あすか（Elements Garden）,藤間仁（Elements Garden）,藤間仁（Elements Garden）
original,hello-happy-world,ハロー、ハッピーワールド！,わちゃ・もちゃ・ぺったん行進曲,織田あすか（Elements Garden）,末益涼太（Elements Garden）,末益涼太（Elements Garden）
original,hello-happy-world,ハロー、ハッピーワールド！,ふわふわ☆ゆめいろサンドイッチ,織田あすか（Elements Garden）,笠井雄太（Elements Garden）,笠井雄太（Elements Garden）
original,hello-happy-world,ハロー、ハッピーワールド！,ハイファイブ∞あどべんちゃっ,織田あすか（Elements Garden）,笠井雄太（Elements Garden）,笠井雄太（Elements Garden）
original,hello-happy-world,ハロー、ハッピーワールド！,キミがいなくちゃっ！,織田あすか（Elements Garden）,藤間仁（Elements Garden）,藤間仁（Elements Garden）
original,hello-happy-world,ハロー、ハッピーワールド！,はれやか すこやか ぴかりんりん♪,織田あすか（Elements Garden）,笠井雄太（Elements Garden）,笠井雄太（Elements Garden）
original,hello-happy-world,ハロー、ハッピーワールド！,えがお･シング･あ･ソング,織田あすか（Elements Garden）,藤間 仁（Elements Garden）,藤間 仁（Elements Garden）
original,hello-happy-world,ハロー、ハッピーワールド！,にこ×にこ＝ハイパースマイルパワー！,織田あすか（Elements Garden）,都丸椋太（Elements Garden）,都丸椋太（Elements Garden）
original,hello-happy-world,ハロー、ハッピーワールド！,スマイルブーケで た〜まや〜！,織田あすか（Elements Garden）,藤田淳平（Elements Garden）,藤田淳平（Elements Garden）
original,hello-happy-world,ハロー、ハッピーワールド！,おもいでイルミネーション,織田あすか(Elements Garden),笠井雄太（Elements Garden）,笠井雄太（Elements Garden）
original,hello-happy-world,ハロー、ハッピーワールド！,うぃーきゃん☆フレフレっ！,織田あすか（Elements Garden）,藤永龍太郎（Elements Garden）,藤永龍太郎（Elements Garden）
original,hello-happy-world,ハロー、ハッピーワールド！,えがお、み～っけた！,織田あすか（Elements Garden）,都丸椋太（Elements Garden）,都丸椋太（Elements Garden）
original,hello-happy-world,ハロー、ハッピーワールド！,にこにこねくと！,織田あすか（Elements Garden）,藤間仁（Elements Garden）,藤間仁（Elements Garden）
original,hello-happy-world,ハロー、ハッピーワールド！,ないすみちゅっ！,織田あすか（Elements Garden）,竹田祐介（Elements Garden）,竹田祐介（Elements Garden）
original,hello-happy-world,ハロー、ハッピーワールド！,きらっ☆と キミフェス！,織田あすか（Elements Garden）,岩橋星実（Elements Garden）,岩橋星実（Elements Garden）
original,hello-happy-world,ハロー、ハッピーワールド！,現るっ！大怪盗ハロハッピー！,織田あすか（Elements Garden）,近藤世真（Elements Garden）,近藤世真（Elements Garden）
original,hello-happy-world,ハロー、ハッピーワールド！,おもいやりハーモニー,織田あすか（Elements Garden）,上松範康（Elements Garden）,近藤世真（Elements Garden）
original,hello-happy-world,ハロー、ハッピーワールド！,Happy! Happier! Happiest!,前山田　健一,前山田　健一,藤原燈太
original,hello-happy-world,ハロー、ハッピーワールド！,うちゃパ！で ぱっぴかポーんっ！,織田あすか（Elements Garden）,藤間仁（Elements Garden）,藤間仁（Elements Garden）
original,hello-happy-world,ハロー、ハッピーワールド！,えがお、あーゆーれでぃ???,織田あすか（Elements Garden）,菊田大介（Elements Garden）,菊田大介（Elements Garden）
original,hello-happy-world,ハロー、ハッピーワールド！,キミを れっつ・はぶ・ふぁん♪,織田あすか（Elements Garden）,下田晃太郎（Elements Garden）,下田晃太郎（Elements Garden）
original,hello-happy-world,ハロー、ハッピーワールド！,ボクらの夏's☆ショーたいむっ！！,織田あすか（Elements Garden）,Seonoo Kim（Elements Garden）,Seonoo Kim（Elements Garden）
original,hello-happy-world,ハロー、ハッピーワールド！,ふぁいぶスマイル◯オールインっ！,織田あすか（Elements Garden）,竹田祐介（Elements Garden）,竹田祐介（Elements Garden）
original,hello-happy-world,ハロー、ハッピーワールド！,らいふ・いず・みゅーじかるっ♪♪♪,織田あすか（Elements Garden）,岩橋星実（Elements Garden）,岩橋星実（Elements Garden）
original,hello-happy-world,ハロー、ハッピーワールド！,むすんでわらって,織田あすか（Elements Garden）,都丸椋太（Elements Garden）,都丸椋太（Elements Garden）
original,hello-happy-world,ハロー、ハッピーワールド！,サンバロハッピ〜！,織田あすか（Elements Garden）,藤間仁（Elements Garden）,藤間仁（Elements Garden）
original,hello-happy-world,ハロー、ハッピーワールド！,Listen to Smile!,織田あすか（Elements Garden）,藤間仁（Elements Garden）,藤間仁（Elements Garden）
original,hello-happy-world,ハロー、ハッピーワールド！,ハイタッチ／＼びりーばーず☆,織田あすか（Elements Garden）,笠井雄太（Elements Garden）,笠井雄太（Elements Garden）
original,hello-happy-world,ハロー、ハッピーワールド！,れっつ・スマイル・すとり〜みんぐっ♪,織田あすか（Elements Garden）,竹田祐介（Elements Garden）,竹田祐介（Elements Garden）
original,hello-happy-world,ハロー、ハッピーワールド！,やっほー！いっぽ！わんだふぉー！,織田あすか（Elements Garden）,近藤世真（Elements Garden）,近藤世真（Elements Garden）
original,hello-happy-world,ハロー、ハッピーワールド！,スタ〜リング ☆じぶん☆,織田あすか（Elements Garden）,藤間仁（Elements Garden）,藤間仁（Elements Garden）
original,hello-happy-world,ハロー、ハッピーワールド！,とーくとぅみー・とーくとぅゆー,織田あすか（Elements Garden）,岩橋星実（Elements Garden）,岩橋星実（Elements Garden）
original,morfonica,Morfonica,Daylight -デイライト-,織田あすか（Elements Garden）,上松範康（Elements Garden）,藤田淳平（Elements Garden）
original,morfonica,Morfonica,金色へのプレリュード,織田あすか（Elements Garden）,藤田淳平（Elements Garden）,藤田淳平（Elements Garden）
original,morfonica,Morfonica,ブルームブルーム,織田あすか（Elements Garden）,藤田淳平（Elements Garden）,藤田淳平（Elements Garden）
original,morfonica,Morfonica,flame of hope,織田あすか（Elements Garden）,上松範康（Elements Garden）,下田晃太郎（Elements Garden）
original,morfonica,Morfonica,ハーモニー・デイ,織田あすか（Elements Garden）,藤間仁（Elements Garden）,藤間仁（Elements Garden）
original,morfonica,Morfonica,Sonorous,織田あすか（Elements Garden）,藤永龍太郎（Elements Garden）,藤永龍太郎（Elements Garden）
original,morfonica,Morfonica,Secret Dawn,織田あすか（Elements Garden）,藤田淳平（Elements Garden）,下田晃太郎（Elements Garden）
original,morfonica,Morfonica,fly with the night,織田あすか（Elements Garden）,岩橋星実（Elements Garden）,岩橋星実（Elements Garden）
original,morfonica,Morfonica,Fateful...,織田あすか（Elements Garden）,上松範康（Elements Garden）,下田晃太郎（Elements Garden）
original,morfonica,Morfonica,One step at a time,織田あすか（Elements Garden）,上松範康（Elements Garden）,藤田淳平（Elements Garden）
original,morfonica,Morfonica,"寄る辺のSunny, Sunny",織田あすか（Elements Garden）,菊田大介（Elements Garden）,菊田大介（Elements Garden）
original,morfonica,Morfonica,カラフルリバティー,織田あすか（Elements Garden）,菊田大介（Elements Garden）,笠井雄太（Elements Garden）
original,morfonica,Morfonica,The Circle Of Butterflies,林英樹,佐藤純一(fhána),佐藤純一(fhána)
original,morfonica,Morfonica,Sweet Cheers!,織田あすか（Elements Garden）,岩橋星実（Elements Garden）,岩橋星実（Elements Garden）
original,morfonica,Morfonica,Angel's Ladder,織田あすか（Elements Garden）,藤田淳平（Elements Garden）,藤田淳平（Elements Garden）
original,morfonica,Morfonica,音がえしのセレナーデ,織田あすか（Elements Garden）,竹田祐介（Elements Garden）,竹田祐介（Elements Garden）
original,morfonica,Morfonica,Ever Sky Blue,織田あすか（Elements Garden）,上松範康（Elements Garden）,Seonoo Kim（Elements Garden）
original,morfonica,Morfonica,Merry Merry Thanks!!,織田あすか（Elements Garden）,藤永龍太郎（Elements Garden）,藤永龍太郎（Elements Garden）
original,morfonica,Morfonica,蒼穹へのトレイル,織田あすか（Elements Garden）,近藤世真（Elements Garden）,近藤世真（Elements Garden）
original,morfonica,Morfonica,誓いのWingbeat,織田あすか（Elements Garden）,上松範康（Elements Garden）,菊田大介（Elements Garden）
original,morfonica,Morfonica,両翼のBrilliance,織田あすか（Elements Garden）,菊田大介（Elements Garden）,菊田大介（Elements Garden）
original,morfonica,Morfonica,メランコリックララバイ,織田あすか（Elements Garden）,藤田淳平（Elements Garden）,藤田淳平（Elements Garden）
original,morfonica,Morfonica,Wreath of Brave,織田あすか（Elements Garden）,日高勇輝（Elements Garden）,日高勇輝（Elements Garden）
original,morfonica,Morfonica,ティリカモニカリラ,織田あすか（Elements Garden）,藤間仁（Elements Garden）,藤間仁（Elements Garden）
original,morfonica,Morfonica,Tempest,織田あすか（Elements Garden）,堀川大翼（Elements Garden）,堀川大翼（Elements Garden）
original,morfonica,Morfonica,Steer to Utopia,織田あすか（Elements Garden）,岩橋星実（Elements Garden）,岩橋星実（Elements Garden）
original,morfonica,Morfonica,Polyphonyscape,織田あすか（Elements Garden）,藤永龍太郎（Elements Garden）,藤永龍太郎（Elements Garden）
original,morfonica,Morfonica,Portray Empathy,織田あすか（Elements Garden）,菊田大介（Elements Garden）,菊田大介（Elements Garden）
original,morfonica,Morfonica,Feathered Dreams,織田あすか（Elements Garden）,藤田淳平（Elements Garden）,藤田淳平（Elements Garden）
original,morfonica,Morfonica,Color of Us,織田あすか（Elements Garden）,近藤世真（Elements Garden）,近藤世真（Elements Garden）
original,morfonica,Morfonica,Resonant Strings,織田あすか（Elements Garden）,藤永龍太郎（Elements Garden）,藤永龍太郎（Elements Garden）
original,morfonica,Morfonica,ビューティ・フォー,シノダ,シノダ,ヒトリエ
original,raise-a-suilen,RAISE A SUILEN,R·I·O·T,織田あすか（Elements Garden）,上松範康（Elements Garden）,菊田大介（Elements Garden）
original,raise-a-suilen,RAISE A SUILEN,UNSTOPPABLE,織田あすか（Elements Garden）,藤田淳平（Elements Garden）,菊田大介（Elements Garden）
original,raise-a-suilen,RAISE A SUILEN,A DECLARATION OF ×××,織田あすか（Elements Garden）,上松範康（Elements Garden）,菊田大介（Elements Garden）
original,raise-a-suilen,RAISE A SUILEN,EXPOSE 'Burn out!!!',織田あすか（Elements Garden）,菊田大介（Elements Garden）,菊田大介（Elements Garden）
original,raise-a-suilen,RAISE A SUILEN,Beautiful Birthday,織田あすか（Elements Garden）,菊田大介（Elements Garden）,菊田大介（Elements Garden）
original,raise-a-suilen,RAISE A SUILEN,!NVADE SHOW!,織田あすか（Elements Garden）,藤田淳平（Elements Garden）,藤田淳平（Elements Garden）
original,raise-a-suilen,RAISE A SUILEN,mind of Prominence,Spirit Garden,菊田大介（Elements Garden）,菊田大介（Elements Garden）
original,raise-a-suilen,RAISE A SUILEN,OUTSIDER RODEO,織田あすか（Elements Garden）,菊田大介（Elements Garden）,菊田大介（Elements Garden）
original,raise-a-suilen,RAISE A SUILEN,EXIST,織田あすか（Elements Garden）,上松範康（Elements Garden）,菊田大介（Elements Garden）
original,raise-a-suilen,RAISE A SUILEN,Domination to world,Spirit Garden,都丸椋太（Elements Garden）,都丸椋太（Elements Garden）
original,raise-a-suilen,RAISE A SUILEN,灼熱 Bonfire!,Spirit Garden,日高勇輝（Elements Garden）,日高勇輝（Elements Garden）
original,raise-a-suilen,RAISE A SUILEN,Sacred world,Spirit Garden,藤田淳平（Elements Garden）,藤田淳平（Elements Garden）
original,raise-a-suilen,RAISE A SUILEN,HELL! or HELL?,織田あすか（Elements Garden）,菊田大介（Elements Garden）,菊田大介（Elements Garden）
original,raise-a-suilen,RAISE A SUILEN,Embrace of light,織田あすか（Elements Garden）,藤田淳平（Elements Garden）,藤田淳平（Elements Garden）
original,raise-a-suilen,RAISE A SUILEN,CORUSCATE -DNA-,織田あすか（Elements Garden）,上松範康（Elements Garden）,菊田大介（Elements Garden）
original,raise-a-suilen,RAISE A SUILEN,Repaint,"Fear, and Loathing in Las Vegas","Fear, and Loathing in Las Vegas","Fear, and Loathing in Las Vegas"
original,raise-a-suilen,RAISE A SUILEN,DRIVE US CRAZY,織田あすか（Elements Garden）,藤田淳平（Elements Garden）,藤田淳平（Elements Garden）
original,raise-a-suilen,RAISE A SUILEN,Light a fire,織田あすか（Elements Garden）,藤田淳平（Elements Garden）,藤田淳平（Elements Garden）
original,raise-a-suilen,RAISE A SUILEN,SOUL SOLDIER,織田あすか（Elements Garden）,上松範康（Elements Garden）,藤田淳平（Elements Garden）
original,raise-a-suilen,RAISE A SUILEN,THE WAY OF LIFE,織田あすか（Elements Garden）,日高勇輝（Elements Garden）,日高勇輝（Elements Garden）/Seonoo Kim（Elements Garden）
original,raise-a-suilen,RAISE A SUILEN,Invincible Fighter,織田あすか（Elements Garden）,上松範康（Elements Garden）,菊田大介（Elements Garden）
original,raise-a-suilen,RAISE A SUILEN,Takin’ my Heart,織田あすか（Elements Garden）,藤田淳平（Elements Garden）,藤田淳平（Elements Garden）
original,raise-a-suilen,RAISE A SUILEN,DEAD HEAT BEAT,織田あすか（Elements Garden）,菊田大介（Elements Garden）,菊田大介（Elements Garden）
original,raise-a-suilen,RAISE A SUILEN,DANCING DARING,織田あすか（Elements Garden）,都丸椋太（Elements Garden）,都丸椋太（Elements Garden）
original,raise-a-suilen,RAISE A SUILEN,BATTLE CRY,織田あすか（Elements Garden）,藤田淳平（Elements Garden）,藤田淳平（Elements Garden）
original,raise-a-suilen,RAISE A SUILEN,-N-E-M-E-S-I-S-,織田あすか（Elements Garden）,上松範康（Elements Garden）,藤永龍太郎（Elements Garden）
original,raise-a-suilen,RAISE A SUILEN,Ray of hope,織田あすか（Elements Garden）,堀川大翼（Elements Garden）,堀川大翼（Elements Garden）
original,raise-a-suilen,RAISE A SUILEN,Life on the Lotus,織田あすか（Elements Garden）,竹田祐介（Elements Garden）,竹田祐介（Elements Garden）
original,raise-a-suilen,RAISE A SUILEN,V.I.P MONSTER,織田あすか（Elements Garden）,藤田淳平（Elements Garden）/日高勇輝（Elements Garden）,日高勇輝（Elements Garden）
original,raise-a-suilen,RAISE A SUILEN,Bad Kids All Bet,織田あすか（Elements Garden）,菊田大介（Elements Garden）,菊田大介（Elements Garden）
original,raise-a-suilen,RAISE A SUILEN,JUST THE WAY I AM,織田あすか（Elements Garden）,藤田淳平（Elements Garden）,日高勇輝（Elements Garden）
original,raise-a-suilen,RAISE A SUILEN,VIVID FIRST TIME,織田あすか（Elements Garden）,日高勇輝（Elements Garden）,日高勇輝（Elements Garden）
original,raise-a-suilen,RAISE A SUILEN,WELCOME TO PANDEMONIUM,織田あすか（Elements Garden）,藤田淳平（Elements Garden）,藤田淳平（Elements Garden）
original,raise-a-suilen,RAISE A SUILEN,HOWLING AMBITION,織田あすか（Elements Garden）,菊田大介（Elements Garden）,菊田大介（Elements Garden）
original,raise-a-suilen,RAISE A SUILEN,REIGNING,織田あすか（Elements Garden）,菊田大介（Elements Garden）,菊田大介（Elements Garden）
original,raise-a-suilen,RAISE A SUILEN,FIVE as ONE,織田あすか（Elements Garden）,藤間仁（Elements Garden）,藤間仁（Elements Garden）
original,raise-a-suilen,RAISE A SUILEN,FIGHT' ADDICT,織田あすか（Elements Garden）,上松範康（Elements Garden）,菊田大介（Elements Garden）
original,raise-a-suilen,RAISE A SUILEN,BIBIBABI BRAVER,織田あすか（Elements Garden）,藤田淳平（Elements Garden）,藤田淳平（Elements Garden）
original,raise-a-suilen,RAISE A SUILEN,Drown Out the Noise and Push Through the Trash,"Fear, and Loathing in Las Vegas","Fear, and Loathing in Las Vegas","Fear, and Loathing in Las Vegas"
original,mygo,MyGO!!!!!,迷星叫,藤原優樹(SUPA LOVE),長谷川大介(SUPA LOVE),長谷川大介(SUPA LOVE)
original,mygo,MyGO!!!!!,壱雫空,藤原優樹(SUPA LOVE),hisakuni(SUPA LOVE),hisakuni(SUPA LOVE)
original,mygo,MyGO!!!!!,栞,織田あすか（Elements Garden）,藤田淳平（Elements Garden）,藤田淳平（Elements Garden）
original,mygo,MyGO!!!!!,碧天伴走,藤原優樹(SUPA LOVE),木下龍平(SUPA LOVE),木下龍平(SUPA LOVE)
original,mygo,MyGO!!!!!,詩超絆,藤原優樹(SUPA LOVE),横地健太(SUPA LOVE),横地健太(SUPA LOVE)
original,mygo,MyGO!!!!!,迷路日々,藤原優樹(SUPA LOVE),松坂康司(SUPA LOVE),松坂康司(SUPA LOVE)
original,mygo,MyGO!!!!!,歌いましょう鳴らしましょう,メガテラ・ゼロ,メガテラ・ゼロ,Mr.FanTastiC
original,mygo,MyGO!!!!!,影色舞,藤原優樹(SUPA LOVE),木下龍平(SUPA LOVE),木下龍平(SUPA LOVE)
original,mygo,MyGO!!!!!,処救生,藤原優樹(SUPA LOVE),松坂康司(SUPA LOVE),松坂康司(SUPA LOVE)
original,mygo,MyGO!!!!!,輪符雨,藤原優樹(SUPA LOVE),木下龍平(SUPA LOVE),
original,mygo,MyGO!!!!!,名無声,藤原優樹(SUPA LOVE),金崎真士(SUPA LOVE),金崎真士(SUPA LOVE)
original,mygo,MyGO!!!!!,過惰幻,藤原優樹(SUPA LOVE),hisakuni(SUPA LOVE),hisakuni(SUPA LOVE)
original,mygo,MyGO!!!!!,歩拾道,藤原優樹(SUPA LOVE),庄司夏葵(SUPA LOVE),庄司夏葵(SUPA LOVE)
original,mygo,MyGO!!!!!,春日影,織田あすか（Elements Garden）,藤田淳平（Elements Garden）,
original,mygo,MyGO!!!!!,無路矢,藤原優樹(SUPA LOVE),庄司夏葵(SUPA LOVE),
original,mygo,MyGO!!!!!,砂寸奏,藤原優樹(SUPA LOVE),槇島隆人(SUPA LOVE),槇島隆人(SUPA LOVE)
original,mygo,MyGO!!!!!,孤壊牢,藤原優樹(SUPA LOVE),木下龍平(SUPA LOVE),木下龍平(SUPA LOVE)
original,mygo,MyGO!!!!!,明弦音,藤原優樹(SUPA LOVE),鈴木裕明(SUPA LOVE),鈴木裕明(SUPA LOVE)
original,mygo,MyGO!!!!!,霧周途,藤原優樹(SUPA LOVE),藤田淳平,藤田淳平
original,mygo,MyGO!!!!!,夜隠染,藤原優樹(SUPA LOVE),鈴木裕明(SUPA LOVE),鈴木裕明(SUPA LOVE)
original,mygo,MyGO!!!!!,音一会,藤原優樹(SUPA LOVE),尾崎豪(SUPA LOVE),尾崎豪(SUPA LOVE)
original,mygo,MyGO!!!!!,聿日箋秋,藤原優樹(SUPA LOVE),トミタカズキ(SUPA LOVE),トミタカズキ(SUPA LOVE)
original,mygo,MyGO!!!!!,掌心正銘,藤原優樹(SUPA LOVE),高橋諒,高橋諒
original,mygo,MyGO!!!!!,焚音打,藤原優樹(SUPA LOVE),長谷川大介(SUPA LOVE),長谷川大介(SUPA LOVE)
original,mygo,MyGO!!!!!,潜在表明,藤原優樹(SUPA LOVE),鈴木裕明(SUPA LOVE),鈴木裕明(SUPA LOVE)
original,mygo,MyGO!!!!!,残痕字,藤原優樹(SUPA LOVE),長谷川大介(SUPA LOVE),長谷川大介(SUPA LOVE)
original,mygo,MyGO!!!!!,往欄印,藤原優樹(SUPA LOVE),長谷川大介(SUPA LOVE),長谷川大介(SUPA LOVE)
original,mygo,MyGO!!!!!,静降想,藤原優樹(SUPA LOVE),hisakuni(SUPA LOVE),hisakuni(SUPA LOVE)
original,mygo,MyGO!!!!!,エガクミライ,太志(Aqua Timez),太志(Aqua Timez),大介(Aqua Timez)
original,mygo,MyGO!!!!!,端程山,藤原優樹(SUPA LOVE),トミタカズキ(SUPA LOVE),トミタカズキ(SUPA LOVE)
original,mygo,MyGO!!!!!,証命讃歌,田邊駿一,田邊駿一,高橋涼 (SUPA LOVE)
original,other,Glitter*Green,Don’t be afraid!,織田あすか（Elements Garden）,岩橋星実（Elements Garden）,岩橋星実（Elements Garden）
original,other,香澄×蘭×彩×友希那×こころ,ピコっと！パピっと！！ガルパ☆ピコ！！！,織田あすか（Elements Garden）,末益涼太（Elements Garden）,末益涼太（Elements Garden）
original,other,GBP!スペシャルバンド,クインティプル☆すまいる,織田あすか（Elements Garden）,藤田淳平（Elements Garden）,末益涼太（Elements Garden）
original,other,彩×モカ×リサ×花音×つぐみ,ひとりじゃないんだから,織田あすか（Elements Garden）,都丸椋太（Elements Garden）,都丸椋太（Elements Garden）
original,other,香澄×蘭×彩×友希那×こころ,TWiNKLE CiRCLE,織田あすか(Elements Garden),菊田大介（Elements Garden）,菊田大介（Elements Garden）
original,other,香澄×蘭×彩×友希那×こころ,大盛り一丁！ガルパ☆ピコ,織田あすか（Elements Garden）,藤田淳平（Elements Garden）,藤田淳平（Elements Garden）
original,other,Poppin'Party×Pastel＊Palettes×Morfonica,絆色のアンサンブル,中村航,笠井雄太（Elements Garden）,笠井雄太（Elements Garden）
original,other,Roselia×Afterglow,競宴Red×Violet,織田あすか（Elements Garden）,菊田大介（Elements Garden）,菊田大介（Elements Garden）
original,other,RAISE A SUILEN×ハロー、ハッピーワールド！,ラスハピーポー！,織田あすか（Elements Garden）,藤間仁（Elements Garden）,藤間仁（Elements Garden）
original,other,香澄×蘭×彩×友希那×こころ×ましろ×レイヤ,ピコたるもの、ふぃーばー！,織田あすか（Elements Garden）,藤田淳平（Elements Garden）,笠井雄太（Elements Garden）/藤田淳平（Elements Garden）
original,other,花園たえ×レイヤ,ナカナ イナ カナイ,中村航,藤田淳平（Elements Garden）,藤田淳平（Elements Garden）
original,other,レイヤ×紗夜×沙綾×ミッシェル×瑠唯,CATASTROPHE BANQUET,織田あすか（Elements Garden）,都丸椋太（Elements Garden）,都丸椋太（Elements Garden）
original,other,CiRCLE THANKS PARTY！スペシャルバンド,CiRCLE THANKS MUSiC♪,織田あすか（Elements Garden）,上松範康（Elements Garden）,竹田祐介（Elements Garden）
original,other,Poppin'Party×夏希,Freedom,中村航,竹田祐介（Elements Garden）,竹田祐介（Elements Garden）
original,other,日菜×千聖×麻弥×友希那×紗夜×リサ×燐子×薫×花音,See you! 〜それぞれの明日へ〜,織田あすか（Elements Garden）,藤田淳平（Elements Garden）,笠井雄太（Elements Garden）
original,other,Glitter*Green,Glee! Glee! Glee!,織田あすか（Elements Garden）,岩橋星実（Elements Garden）,岩橋星実（Elements Garden）
original,other,kemu feat. 夢ノ結唱 POPY×夢ノ結唱 ROSE,花呼ぶ声,kemu,kemu,kemu
original,other,ますかっと feat. 夢ノ結唱 POPY,私色きらめき日和,ますかっと,ますかっと,ますかっと
original,other,メガテラ・ゼロ feat. 夢ノ結唱 POPY,Be born,メガテラ・ゼロ,メガテラ・ゼロ,メガテラ・ゼロ
original,other,john feat. 夢ノ結唱 ROSE,グッド・バイ,john,john,john
original,other,あこがれの共演,迷星叫(パラレルver.),藤原優樹(SUPA LOVE),長谷川大介(SUPA LOVE),長谷川大介(SUPA LOVE)
original,other,夢ノ結唱 ROSE,マルカリアンチェイン,THE SPELLBOUND,THE SPELLBOUND,THE SPELLBOUND
original,ave-mujica,Ave Mujica,Ave Mujica,上松範康（Elements Garden）/織田あすか（Elements Garden）,上松範康（Elements Garden）,藤間仁（Elements Garden）
original,ave-mujica,Ave Mujica,黒のバースデイ,Diggy-MO’,賀佐泰洋(SUPA LOVE),賀佐泰洋(SUPA LOVE)
original,ave-mujica,Ave Mujica,ふたつの月 ~Deep Into The Forest~,Diggy-MO’,長谷川大介(SUPA LOVE),長谷川大介(SUPA LOVE)
original,ave-mujica,Ave Mujica,Choir ‘S’ Choir,Diggy-MO’,角本麻衣(SUPA LOVE),角本麻衣(SUPA LOVE)
original,ave-mujica,Ave Mujica,神さま、バカ,Diggy-MO’,槇島隆人(SUPA LOVE),槇島隆人(SUPA LOVE)
original,ave-mujica,Ave Mujica,Mas?uerade Rhapsody Re?uest,Diggy-MO’,あらケン(SUPA LOVE),あらケン(SUPA LOVE)
original,ave-mujica,Ave Mujica,素晴らしき世界 でも どこにもない場所,Diggy-MO’,長谷川大介(SUPA LOVE),長谷川大介(SUPA LOVE)
original,ave-mujica,Ave Mujica,Angles,Diggy-MO’,長谷川大介(SUPA LOVE),長谷川大介(SUPA LOVE)
original,ave-mujica,Ave Mujica,Symbol I : △,Diggy-MO’,長谷川大介 (SUPA LOVE)、Diggy-MO’,長谷川大介(SUPA LOVE)
original,ave-mujica,Ave Mujica,Symbol II : Air,Diggy-MO’,高橋涼(SUPA LOVE),高橋涼(SUPA LOVE)
original,ave-mujica,Ave Mujica,Symbol III : ▽,Diggy-MO’,トミタカズキ (SUPA LOVE)、Diggy-MO',トミタカズキ (SUPA LOVE)
original,ave-mujica,Ave Mujica,Symbol IV : Earth,Diggy-MO’,長谷川大介 (SUPA LOVE)、Diggy-MO’,長谷川大介(SUPA LOVE)
original,ave-mujica,Ave Mujica,Ether,Diggy-MO’,長谷川大介 (SUPA LOVE)、Diggy-MO’,長谷川大介(SUPA LOVE)
original,ave-mujica,Ave Mujica,KiLLKiSS,Diggy-MO’,長谷川大介(SUPA LOVE)、Diggy-MO’,長谷川大介(SUPA LOVE)
original,other,I♡インドア,Blessing Chord(パラレルver.),織田あすか（Elements Garden）,竹田祐介（Elements Garden）,竹田祐介（Elements Garden）
original,ave-mujica,Ave Mujica,"Georgette Me, Georgette You",Diggy-MO’,松坂康司(SUPA LOVE)、Diggy-MO’,松坂康司(SUPA LOVE)
original,other,CRYCHIC,春日影,織田あすか（Elements Garden）,藤田淳平（Elements Garden）,藤田淳平（Elements Garden）
original,ave-mujica,Ave Mujica,Imprisoned XII,Diggy-MO’,松坂康司(SUPA LOVE)、Diggy-MO’,松坂康司(SUPA LOVE)
original,ave-mujica,Ave Mujica,Crucifix X,Diggy-MO’,o-saka(SUPA LOVE)、Diggy-MO’,o-saka(SUPA LOVE)
original,other,羽沢珈琲店にようこそ♪,ひとりじゃないんだから(パラレルver.),織田あすか（Elements Garden）,都丸椋太（Elements Garden）,都丸椋太（Elements Garden）
original,other,優雅なティータイムを♪,えがおのオーケストラっ！(パラレルver.),織田あすか（Elements Garden）,藤間仁（Elements Garden）,藤間仁（Elements Garden）
original,ave-mujica,Ave Mujica,八芒星ダンス,Diggy-MO’,あらケン(SUPA LOVE)、Diggy-MO’,あらケン(SUPA LOVE)
original,ave-mujica,Ave Mujica,顔,Diggy-MO’,木下龍平(SUPA LOVE)、Diggy-MO’,木下龍平(SUPA LOVE)
original,ave-mujica,Ave Mujica,天球(そら)のMúsica,Diggy-MO’,高橋涼(SUPA LOVE)、Diggy-MO’,高橋涼(SUPA LOVE)
original,ave-mujica,Ave Mujica,DIVINE,Diggy-MO’,高橋涼(SUPA LOVE)、Diggy-MO’,高橋涼(SUPA LOVE)
original,ave-mujica,Ave Mujica,碧い瞳の中に,Diggy-MO',松坂康司(SUPA LOVE)、Diggy-MO',松坂康司(SUPA LOVE)、Diggy-MO'
original,ave-mujica,Ave Mujica,‘S/’ The Way,Diggy-MO’,Diggy-MO’,木下龍平(SUPA LOVE)
original,ave-mujica,Ave Mujica,Sophie,Diggy-MO’,Diggy-MO’、ÐIK,Diggy-MO’、ÐIK
original,other,友希那×愛音×りみ×つくし×つぐみ,雪華は無常に微笑む,織田あすか（Elements Garden）,藤田淳平（Elements Garden）,笠井雄太（Elements Garden）
original,other,ぽわぽわが～るず,走り始めたばかりのキミに(パラレルver.),中村航,上松範康（Elements Garden）,藤永龍太郎（Elements Garden）
original,other,クールビューティーズ,flame of hope(パラレルver.),織田あすか（Elements Garden）,上松範康（Elements Garden）,下田晃太郎（Elements Garden）
cover,ave-mujica,Ave Mujica,KINGS,atsuko,KATSU,-
cover,ave-mujica,Ave Mujica,暗黒天国,宝野アリカ,片倉三起也,-
cover,ave-mujica,Ave Mujica,Determination Symphony,織田あすか（Elements Garden）,藤永龍太郎（Elements Garden）,-
cover,ave-mujica,Ave Mujica,堕天,R-指定,DJ松永,-
cover,ave-mujica,Ave Mujica,PASSIONATE ANTHEM,織田あすか（Elements Garden）,藤永龍太郎（Elements Garden）,-
original,other,香澄×蘭×彩×友希那×こころ×ましろ×レイヤ×燈×ドロリス×あられ,元祖！バンドリちゃんのテーマ,織田あすか（Elements Garden）,藤田淳平（Elements Garden）,藤田淳平（Elements Garden）
original,other,夢ノ結唱 HALO,手を叩け今ここで祈るだけ願うだけ,THE SPELLBOUND,THE SPELLBOUND,THE SPELLBOUND
original,other,夢ノ結唱 PASTEL,Singer,THE SPELLBOUND,THE SPELLBOUND,THE SPELLBOUND
original,other,スキを貫け♡,きゅ〜まい＊flower(パラレルver.),織田あすか（Elements Garden）,織田あすか（Elements Garden）,竹田祐介（Elements Garden）
original,other,SISTER'S QUARTET,Determination Symphony(パラレルver.),織田あすか（Elements Garden）,藤永龍太郎（Elements Garden）,藤永龍太郎（Elements Garden）
original,other,さんふらわー！,熱色スターマイン(パラレルver.),織田あすか（Elements Garden）,上松範康（Elements Garden）,藤永龍太郎（Elements Garden）
cover,poppinparty,Poppin'Party,空色デイズ,meg rock,齋藤真也,都丸椋太（Elements Garden）／加納望
cover,poppinparty,Poppin'Party,Alchemy,麻枝准,麻枝准,都丸椋太（Elements Garden）／加納望
cover,poppinparty,Poppin'Party,光るなら,Goose house,Goose house,都丸椋太（Elements Garden）／加納望
cover,poppinparty,Poppin'Party,Little Busters!,麻枝准,麻枝准,母里治樹（Elements Garden）／加納望
cover,poppinparty,Poppin'Party,God knows...,畑亜貴,神前暁,都丸椋太（Elements Garden）
cover,poppinparty,Poppin'Party,only my railgun,八木沼悟志 yuki-ka,八木沼悟志,都丸椋太（Elements Garden）
cover,poppinparty,Poppin'Party,千本桜,黒うさ,黒うさ,藤永龍太郎（Elements Garden）
cover,poppinparty,Poppin'Party,君じゃなきゃダメみたい,大石昌良,大石昌良,笠井雄太（Elements Garden）
cover,poppinparty,Poppin'Party,メランコリック,Junky,Junky,笠井雄太（Elements Garden）
cover,poppinparty,Poppin'Party,GLAMOROUS SKY,AI YAZAWA,HYDE,笠井雄太（Elements Garden）
cover,poppinparty,Poppin'Party,DAYS,KEIGO HAYASHI KOHSHI ASAKAWA,TAKESHI ASAKAWA,都丸椋太（Elements Garden）
cover,poppinparty,Poppin'Party,Life Will Change,Benjamin Franklin,目黒将司,笠井雄太（Elements Garden）
cover,poppinparty,Poppin'Party,夏祭り,破矢ジンタ,破矢ジンタ,笠井雄太（Elements Garden）
cover,poppinparty,Poppin'Party,ロミオとシンデレラ,doriko,doriko,末益涼太（Elements Garden）
cover,poppinparty,Poppin'Party,君に届け,山村　隆太,阪井　一生,笠井雄太（Elements Garden）
cover,poppinparty,Poppin'Party,Wake up!,leonn,日比野裕史,岩橋星実（Elements Garden）
cover,poppinparty,Poppin'Party,オトモダチフィルム,大石昌良,大石昌良,笠井雄太（Elements Garden）
cover,poppinparty,Poppin'Party,夜行性ハイズ,DECO*27,DECO*27,都丸椋太（Elements Garden）
cover,poppinparty,Poppin'Party,Daydream café,畑亜貴,大久保 薫,岩橋星実（Elements Garden）
cover,poppinparty,Poppin'Party,チェリボム,すぅ,クボナオキ,笠井雄太（Elements Garden）
cover,poppinparty,Poppin'Party,ディスカバリー！,中村彼方,本多友紀(Arte Refact),岩橋星実（Elements Garden）
cover,poppinparty,Poppin'Party,ミュージック・アワー,ハルイチ,ak.homma,笠井雄太（Elements Garden）
cover,poppinparty,Poppin'Party,ブルーバード,水野良樹,水野良樹,笠井雄太（Elements Garden）
cover,poppinparty,Poppin'Party,群青日和,椎名林檎,H是都M,笠井雄太（Elements Garden）/川渕龍成
cover,poppinparty,Poppin'Party,UNION,大石昌良,大石昌良,笠井雄太（Elements Garden）
cover,poppinparty,Poppin'Party,final phase,八木沼悟志,八木沼悟志,笠井雄太（Elements Garden）
cover,poppinparty,Poppin'Party,青と夏,大森元貴,大森元貴,日高勇輝（Elements Garden）
cover,poppinparty,Poppin'Party,セツナトリップ,Last Note.,Last Note.,都丸椋太（Elements Garden）
cover,poppinparty,Poppin'Party,イエスタデイ,藤原聡,藤原聡,近藤世真（Elements Garden）
cover,poppinparty,Poppin'Party,春〜spring〜,たくや,たくや,下田晃太郎（Elements Garden）
cover,poppinparty,Poppin'Party,大河よ共に泣いてくれ,古屋真,加藤裕介,日高勇輝（Elements Garden）
cover,poppinparty,Poppin'Party,怪物,Ayase,Ayase,下田晃太郎（Elements Garden）
cover,poppinparty,Poppin'Party,ヴァンパイア,DECO*27,DECO*27,下田晃太郎（Elements Garden）
cover,poppinparty,Poppin'Party,スターナイトスノウ,n-buna・Orangestar,Orangestar,日高勇輝（Elements Garden）
cover,poppinparty,Poppin'Party,＊ ～アスタリスク～,ORANGE RANGE,ORANGE RANGE,堀川大翼（Elements Garden）
cover,poppinparty,Poppin'Party,ヒロイン育成計画,shito、Gom,shito,Seonoo Kim（Elements Garden）
cover,poppinparty,Poppin'Party,心絵,北川　賢一,北川　賢一,日高勇輝（Elements Garden）
cover,poppinparty,Poppin'Party,オドループ,Koji Mihara,Koji Mihara,笠井雄太（Elements Garden）
cover,poppinparty,Poppin'Party,HOT LIMIT,井上秋緒,浅倉大介,岩橋星実（Elements Garden）
cover,poppinparty,Poppin'Party,トウキョウ・シャンディ・ランデヴ,ツミキ,ツミキ,下田晃太郎（Elements Garden）
cover,poppinparty,Poppin'Party,私は最強,大森　元貴,大森　元貴,日高勇輝（Elements Garden）
cover,poppinparty,Poppin'Party,怪獣の花唄,Vaundy,Vaundy,近藤世真（Elements Garden）
cover,poppinparty,Poppin'Party,SOUVENIR,藤原 基央,藤原 基央,都丸椋太（Elements Garden）
cover,poppinparty,Poppin'Party,ちゅ、多様性。,あの、真部 脩一,真部 脩一,都丸椋太（Elements Garden）
cover,poppinparty,Poppin'Party,STEP by STEP UP↑↑↑↑,烏屋 茶房、篠崎 あやと,篠崎 あやと、ヒゲドライバー,Seonoo Kim（Elements Garden）
cover,poppinparty,Poppin'Party,フィクション,片岡　健太,片岡　健太,岩橋星実（Elements Garden）
cover,poppinparty,Poppin'Party,ロケットサイダー,ナユタン星人,ナユタン星人,日高勇輝（Elements Garden）
cover,poppinparty,Poppin'Party,つよがるガール feat. もっさ,ぼっちぼろまる,ぼっちぼろまる,岩橋星実（Elements Garden）
cover,poppinparty,Poppin'Party,POP IN 2,つむぎしゃち,久下真音、つむぎしゃち,都丸椋太（Elements Garden）
cover,afterglow,Afterglow,カルマ,藤原基央,藤原基央,母里治樹（Elements Garden）/加納望
cover,afterglow,Afterglow,Butter-Fly,千綿偉功,千綿偉功,母里治樹（Elements Garden）/加納望
cover,afterglow,Afterglow,Don’t say “lazy”,大森祥子,前澤寛之,母里治樹（Elements Garden）/加納望
cover,afterglow,Afterglow,great escape,三島想平,cinema staff,都丸椋太（Elements Garden）
cover,afterglow,Afterglow,アスノヨゾラ哨戒班,Orangestar,Orangestar,都丸椋太（Elements Garden）
cover,afterglow,Afterglow,READY STEADY GO,hyde,tetsuya,都丸椋太（Elements Garden）
cover,afterglow,Afterglow,Redo,ミズノゲンキ,宮崎誠,都丸椋太（Elements Garden）
cover,afterglow,Afterglow,プライド革命,HoneyWorks,HoneyWorks,都丸椋太（Elements Garden）
cover,afterglow,Afterglow,イマジネーション,MOMIKEN,UZ(SPYAIR),竹田祐介（Elements Garden）
cover,afterglow,Afterglow,Reach Out To The Truth,田中怜子、小林鉄兵、Lotus Juice,目黒将司,竹田祐介（Elements Garden）
cover,afterglow,Afterglow,ロストワンの号哭,Neru,Neru,竹田祐介（Elements Garden）
cover,afterglow,Afterglow,Crow Song,Jun Maeda,Jun Maeda,都丸椋太（Elements Garden）
cover,afterglow,Afterglow,瞬間センチメンタル,SCANDAL 小林夏海,田鹿祐一,都丸椋太（Elements Garden）
cover,afterglow,Afterglow,らしさ,柳沢亮太,柳沢亮太,都丸椋太（Elements Garden）
cover,afterglow,Afterglow,午夜の待ち合わせ,シュンタロウ,シュンタロウ,岩橋星実（Elements Garden）
cover,afterglow,Afterglow,青い栞,尾崎雄貴,尾崎雄貴,岩橋星実（Elements Garden）
cover,afterglow,Afterglow,アイのシナリオ,HoneyWorks,HoneyWorks,都丸椋太（Elements Garden）
cover,afterglow,Afterglow,天ノ弱,164,164,都丸椋太（Elements Garden）
cover,afterglow,Afterglow,インフェルノ,大森元貴,大森元貴,下田晃太郎（Elements Garden）
cover,afterglow,Afterglow,ロキ,みきとP,みきとP,都丸椋太 （Elements Garden）/川渕龍成
cover,afterglow,Afterglow,カサブタ,千綿偉功,千綿偉功,日高勇輝（Elements Garden）
cover,afterglow,Afterglow,Rolling star,ＹＵＩ,ＹＵＩ,近藤世真（Elements Garden）
cover,afterglow,Afterglow,Northern lights,MEGUMI,たかはし　ごう,日高勇輝（Elements Garden）
cover,afterglow,Afterglow,サムライハート(Ｓｏｍｅ　Ｌｉｋｅ　Ｉｔ　Ｈｏｔ！！),ＭＯＭＩＫＥＮ,ＵＺ,下田晃太郎（Elements Garden）
cover,afterglow,Afterglow,ハウトゥー世界征服,Neru,Neru,日高勇輝（Elements Garden）
cover,afterglow,Afterglow,ヒューマノイド,ACAね,ACAね,下田晃太郎（Elements Garden）
cover,afterglow,Afterglow,ベノム,かいりきベア,かいりきベア,日高勇輝（Elements Garden）
cover,afterglow,Afterglow,Listen!!,大森祥子,前澤寛之,近藤世真（Elements Garden）
cover,afterglow,Afterglow,メンタルチェンソー,かいりきベア,かいりきベア,笠井雄太（Elements Garden）
cover,afterglow,Afterglow,トーキョーワンダー。,泣き虫,泣き虫,都丸椋太（Elements Garden）
cover,afterglow,Afterglow,abnormalize,TK,TK,下田晃太郎（Elements Garden）
cover,afterglow,Afterglow,命に嫌われている。,カンザキイオリ,カンザキイオリ,Elements Garden
cover,afterglow,Afterglow,CHAINSAW BLOOD,Vaundy,Vaundy,堀川大翼（Elements Garden）
cover,afterglow,Afterglow,チルドレンレコード(Re:boot),じん,じん,下田晃太郎（Elements Garden）
cover,afterglow,Afterglow,サウダージ,ハルイチ,ak.homma,堀川大翼（Elements Garden）
cover,afterglow,Afterglow,ヴィラン,てにをは,てにをは,日高勇輝（Elements Garden）
cover,afterglow,Afterglow,テレキャスタービーボーイ,すりぃ,すりぃ,近藤世真（Elements Garden）
cover,afterglow,Afterglow,粉雪,藤巻 亮太,藤巻 亮太,日高勇輝（Elements Garden）
cover,afterglow,Afterglow,カオスが極まる,田淵 智也,田淵 智也,日高勇輝（Elements Garden）
cover,afterglow,Afterglow,青のすみか,キタニタツヤ,キタニタツヤ,日高勇輝（Elements Garden）
cover,afterglow,Afterglow,逆光,Vaundy,Vaundy,日高勇輝（Elements Garden）
cover,afterglow,Afterglow,カゲロウデイズ,じん（自然の敵Ｐ）,じん（自然の敵Ｐ）,都丸椋太（Elements Garden）
cover,afterglow,Afterglow,オレンジ,MOMIKEN,UZ,日高勇輝（Elements Garden）
cover,afterglow,Afterglow,Bunny Girl,AKASAKI,AKASAKI,都丸椋太（Elements Garden）
cover,afterglow,Afterglow,愛唄,GReeeeN,GReeeeN,岩橋星実（Elements Garden）
cover,afterglow,Afterglow,季節は次々死んでいく,秋田　ひろむ,秋田　ひろむ,日高勇輝（Elements Garden）
cover,pastel-palettes,Pastel＊Palettes,secret base ～君がくれたもの～,町田紀彦,町田紀彦,都丸椋太（Elements Garden）／宮崎京一
cover,pastel-palettes,Pastel＊Palettes,ドリームパレード,渡辺徹/森月キャス,渡辺徹,都丸椋太（Elements Garden）／宮崎京一
cover,pastel-palettes,Pastel＊Palettes,そばかす,YUKI,恩田快人,都丸椋太（Elements Garden）／宮崎京一
cover,pastel-palettes,Pastel＊Palettes,MOON PRIDE,Revo,Revo,都丸椋太（Elements Garden）／宮崎京一
cover,pastel-palettes,Pastel＊Palettes,ふわふわ時間,秋山澪,前澤寛之,都丸椋太（Elements Garden）
cover,pastel-palettes,Pastel＊Palettes,はなまるぴっぴはよいこだけ,あさき,96,笠井雄太（Elements Garden）
cover,pastel-palettes,Pastel＊Palettes,世界は恋に落ちている,HoneyWorks,HoneyWorks,笠井雄太（Elements Garden）
cover,pastel-palettes,Pastel＊Palettes,ハッピーシンセサイザ,BETTI,BETTI,末益涼太（Elements Garden）
cover,pastel-palettes,Pastel＊Palettes,SAKURAスキップ,KOCHO,奥井康介,末益涼太（Elements Garden）
cover,pastel-palettes,Pastel＊Palettes,みくみくにしてあげる♪【してやんよ】,ika_mo,ika_mo,笠井雄太（Elements Garden）
cover,pastel-palettes,Pastel＊Palettes,気まぐれロマンティック,水野良樹,水野良樹,末益涼太（Elements Garden）
cover,pastel-palettes,Pastel＊Palettes,Fantastic future,畑亜貴,太田雅友,竹田祐介（Elements Garden）
cover,pastel-palettes,Pastel＊Palettes,DISCOTHEQUE,園田凌士,上松範康,笠井雄太（Elements Garden）
cover,pastel-palettes,Pastel＊Palettes,ゆりゆららららゆるゆり大事件,三弥,イイジマケン,末益涼太（Elements Garden）
cover,pastel-palettes,Pastel＊Palettes,奏（かなで）,大橋卓弥 常田真太郎,大橋卓弥 常田真太郎,岩橋星実（Elements Garden）
cover,pastel-palettes,Pastel＊Palettes,Q＆A　リサイタル！,田淵智也,田淵智也,末益涼太（Elements Garden）
cover,pastel-palettes,Pastel＊Palettes,Baby Sweet Berry Love,山崎寛子,俊龍,末益涼太（Elements Garden）
cover,pastel-palettes,Pastel＊Palettes,ときめきポポロン♪,うらん,大隅知宇,竹田祐介（Elements Garden）
cover,pastel-palettes,Pastel＊Palettes,春擬き,やなぎなぎ,北川勝利,竹田祐介（Elements Garden）
cover,pastel-palettes,Pastel＊Palettes,からくりピエロ,40mP,40mP,笠井雄太（Elements Garden）
cover,pastel-palettes,Pastel＊Palettes,Stay Alive,Heart's Cry,Heart's Cry,都丸椋太（Elements Garden）
cover,pastel-palettes,Pastel＊Palettes,花ハ踊レヤいろはにほ,畑　亜貴,田中　秀和,岩橋星実（Elements Garden）
cover,pastel-palettes,Pastel＊Palettes,ルカルカ★ナイトフィーバー,samfree,samfree,下田晃太郎（Elements Garden）
cover,pastel-palettes,Pastel＊Palettes,ノスタルジックレインフォール,HoneyWorks,HoneyWorks,都丸椋太（Elements Garden）/櫻澤ヒカル
cover,pastel-palettes,Pastel＊Palettes,DANCE! おジャ魔女,もりちよこ,小杉保夫,都丸椋太（Elements Garden）
cover,pastel-palettes,Pastel＊Palettes,Make it!,森月キャス,渡辺徹,日高勇輝（Elements Garden)
cover,pastel-palettes,Pastel＊Palettes,夜に駆ける,Ayase,Ayase,都丸椋太（Elements Garden）
cover,pastel-palettes,Pastel＊Palettes,ラムのラブソング,伊藤　アキラ,小林　泉美,Elements Garden
cover,pastel-palettes,Pastel＊Palettes,徒花ネクロマンシー,古屋真,加藤裕介,日高勇輝（Elements Garden）
cover,pastel-palettes,Pastel＊Palettes,春を告げる,くじら,くじら,近藤世真（Elements Garden）
cover,pastel-palettes,Pastel＊Palettes,Sparkling Daydream,ZAQ,ZAQ,日高勇輝（Elements Garden）
cover,pastel-palettes,Pastel＊Palettes,秘密の扉から会いにきて,畑亜貴,太田雅友,下田晃太郎（Elements Garden）
cover,pastel-palettes,Pastel＊Palettes 日菜×千聖×麻弥×イヴ,可愛くてごめん,shito,shito,笠井雄太（Elements Garden）
cover,pastel-palettes,Pastel＊Palettes,魔法少女とチョコレゐト,ピノキオピー,ピノキオピー,日高勇輝（Elements Garden）
cover,pastel-palettes,Pastel＊Palettes,アイドル,Ayase,Ayase,岩橋星実（Elements Garden）
cover,pastel-palettes,Pastel＊Palettes,ココ☆ナツ,前山田 健一,前山田 健一,岩橋星実（Elements Garden）
cover,pastel-palettes,Pastel＊Palettes,だから、ひとりじゃない,KANATA OKAJIMA・Carlos K.,Carlos K.・加賀爪 タッド,笠井雄太（Elements Garden）
cover,pastel-palettes,Pastel＊Palettes,オトナブルー,新しい学校のリーダー達,YONKEY,笠井雄太（Elements Garden）
cover,pastel-palettes,Pastel＊Palettes,サインはB,大石 昌良,大石 昌良,日高勇輝（Elements Garden）
cover,pastel-palettes,Pastel＊Palettes,すきっちゅーの！,shito,shito,Seonoo Kim（Elements Garden）
cover,pastel-palettes,Pastel＊Palettes,最上級にかわいいの！,コレサワ,コレサワ,岩橋星実（Elements Garden）
cover,pastel-palettes,Pastel＊Palettes,アイワナムチュー,すりぃ,すりぃ,日高勇輝（Elements Garden）
cover,pastel-palettes,Pastel＊Palettes,恋愛サーキュレーション,meg rock,神前 暁（MONACA）,都丸椋太（Elements Garden）
cover,roselia,Roselia,魂のルフラン,及川眠子,大森俊之,都丸椋太（Elements Garden）／加納望
cover,roselia,Roselia,Hacking to the Gate,志倉千代丸,志倉千代丸,都丸椋太（Elements Garden）／加納望
cover,roselia,Roselia,ETERNAL BLAZE,水樹奈々,上松範康（Elements Garden）,都丸椋太（Elements Garden）／加納望
cover,roselia,Roselia,紅蓮の弓矢,Revo,Revo,都丸椋太（Elements Garden）
cover,roselia,Roselia,The Everlasting Guilty Crown,ryo(supercell),ryo(supercell),都丸椋太（Elements Garden）
cover,roselia,Roselia,Red fraction,MELL,高瀬一矢,都丸椋太（Elements Garden）
cover,roselia,Roselia,深愛,水樹奈々,上松範康（Elements Garden）,都丸椋太（Elements Garden）
cover,roselia,Roselia,残酷な天使のテーゼ,及川眠子,佐藤英敏,藤永龍太郎（Elements Garden）
cover,roselia,Roselia,Shangri-La,atsuko,atsuko/KATSU,都丸椋太（Elements Garden）
cover,roselia,Roselia,This game,深青結希,若林充,都丸椋太（Elements Garden）
cover,roselia,Roselia,Believe in my existence,影山ヒロノブ,影山ヒロノブ・きただにひろし,竹田祐介（Elements Garden）
cover,roselia,Roselia,六兆年と一夜物語,Kemu,Kemu,都丸椋太（Elements Garden）
cover,roselia,Roselia,キミの記憶,小森成雄,目黒将司,藤永龍太郎（Elements Garden）
cover,roselia,Roselia,シャルル,バルーン,バルーン,竹田祐介（Elements Garden）
cover,roselia,Roselia,ツキアカリのミチシルベ,AIMI,AIMI,竹田祐介（Elements Garden）
cover,roselia,Roselia,名前のない怪物,ryo,ryo,竹田祐介（Elements Garden）
cover,roselia,Roselia,緋色の空,川田まみ,中沢伴行,竹田祐介（Elements Garden）
cover,roselia,Roselia,海色,minatoku,WEST GROUND,竹田祐介（Elements Garden）
cover,roselia,Roselia,ファティマ,志倉千代丸,志倉千代丸,都丸椋太（Elements Garden）
cover,roselia,Roselia,Paradisus-Paradoxum,MYTH & ROID,MYTH & ROID,竹田祐介（Elements Garden）
cover,roselia,Roselia,甲賀忍法帖,瞬火,瞬火,都丸椋太（Elements Garden）／川渕龍成
cover,roselia,Roselia,Bad Apple!! feat. nomico,Haruka,ZUN/Masayoshi Minoshima（Alstroemeria Records）,笠井雄太（Elements Garden）/川渕龍成
cover,roselia,Roselia,右肩の蝶,水野悠良,のりぴー,日高勇輝（Elements Garden）
cover,roselia,Roselia,sister's noise,八木沼悟志,八木沼悟志,日高勇輝（Elements Garden）
cover,roselia,Roselia,Synchrogazer,水樹 奈々,上松 範康（Elements Garden）,日高勇輝（Elements Garden）
cover,roselia,Roselia,鳥の詩,麻枝 准,折戸伸治,Elements Garden
cover,roselia,Roselia,My Dearest,ryo,ryo,日高勇輝（Elements Garden）
cover,roselia,Roselia,KING,Kanaria,Kanaria,Elements Garden
cover,roselia,Roselia,SPARK-AGAIN,aimerrhythm,飛内将大,日高勇輝（Elements Garden）
cover,roselia,Roselia,廻廻奇譚,Eve,Eve,Elements Garden
cover,roselia,Roselia,Realize,篠崎あやと、橘 亮祐,篠崎あやと、橘 亮祐,竹田祐介（Elements Garden）
cover,roselia,Roselia,STYX HELIX,MYTH & ROID,MYTH & ROID,日高勇輝（Elements Garden）
cover,roselia,Roselia,新時代,中田ヤスタカ,中田ヤスタカ,下田晃太郎（Elements Garden）
cover,roselia,Roselia,酔いどれ知らず,Kanaria,Kanaria,岩橋星実（Elements Garden）
cover,roselia,Roselia,ファイトソング,Eve,Eve,笠井雄太（Elements Garden）
cover,roselia,Roselia,ヒバナ-Reloaded-,DECO*27,DECO*27,笠井雄太（Elements Garden）
cover,roselia,Roselia,東京テディベア,Neru,Neru,下田晃太郎（Elements Garden）
cover,roselia,Roselia,slash,馬場　龍樹,馬場　龍樹／遠藤　ナオキ,都丸椋太（Elements Garden）
cover,roselia,Roselia,乙女解剖,DECO*27,DECO*27,都丸椋太（Elements Garden）
cover,roselia,Roselia,人マニア,原口 沙輔,原口 沙輔,竹田祐介（Elements Garden）
cover,roselia,Roselia,ファタール,キタニタツヤ,キタニタツヤ,堀川大翼（Elements Garden）
cover,roselia,Roselia,Reweave,烏屋 茶房,Tom-H@ck,笠井雄太（Elements Garden）
cover,roselia,Roselia,Fallen,ryo(supercell),ryo(supercell),堀川大翼（Elements Garden）
cover,roselia,Roselia,Sincerely,唐沢美帆,堀江晶太,竹田祐介（Elements Garden）
cover,hello-happy-world,ハロー、ハッピーワールド！,シュガーソングとビターステップ,田淵智也,田淵智也,都丸椋太（Elements Garden）／宮崎京一
cover,hello-happy-world,ハロー、ハッピーワールド！,いーあるふぁんくらぶ,みきとP,みきとP,都丸椋太（Elements Garden）／宮崎京一
cover,hello-happy-world,ハロー、ハッピーワールド！,シルエット,谷口鮪,谷口鮪,都丸椋太（Elements Garden）／宮崎京一
cover,hello-happy-world,ハロー、ハッピーワールド！,ハッピーサマーウェディング,つんく,つんく,都丸椋太（Elements Garden）／宮崎京一
cover,hello-happy-world,ハロー、ハッピーワールド！,ひまわりの約束,秦基博,秦基博,都丸椋太（Elements Garden）
cover,hello-happy-world,ハロー、ハッピーワールド！,ロメオ,HoneyWorks,HoneyWorks,笠井雄太（Elements Garden）
cover,hello-happy-world,ハロー、ハッピーワールド！,恋は渾沌の隷也,畑亜貴,田中秀和(MONACA),母里治樹（Elements Garden）
cover,hello-happy-world,ハロー、ハッピーワールド！,Dragon Night,Fukase,Fukase/Nick Rotteveel/Marcus Van Wattum,母里治樹（Elements Garden）
cover,hello-happy-world,ハロー、ハッピーワールド！,fantastic dreamer,園田智也,園田智也,竹田祐介（Elements Garden）
cover,hello-happy-world,ハロー、ハッピーワールド！,太陽曰く燃えよカオス,畑亜貴,田中秀和,都丸椋太（Elements Garden）
cover,hello-happy-world,ハロー、ハッピーワールド！,GO! GO! MANIAC,大森祥子,Tom-H@ck,末益涼太（Elements Garden）
cover,hello-happy-world,ハロー、ハッピーワールド！,エイリアンエイリアン,ナユタン星人,ナユタン星人,末益涼太（Elements Garden）
cover,hello-happy-world,ハロー、ハッピーワールド！,新宝島,山口一郎,山口一郎,竹田祐介（Elements Garden）
cover,hello-happy-world,ハロー、ハッピーワールド！,エクストラ・マジック・アワー,藤林聖子,鴇沢直,都丸椋太（Elements Garden）
cover,hello-happy-world,ハロー、ハッピーワールド！,回レ！雪月花,ヒゲドライバー,ヒゲドライバー,笠井雄太（Elements Garden）
cover,hello-happy-world,ハロー、ハッピーワールド！,StaRt,大森元貴,大森元貴,笠井雄太（Elements Garden）
cover,hello-happy-world,ハロー、ハッピーワールド！,ノーポイッ！,畑亜貴,大久保 薫,竹田祐介（Elements Garden）
cover,hello-happy-world,ハロー、ハッピーワールド！,恋愛裁判,40mP,40mP,笠井雄太（Elements Garden）
cover,hello-happy-world,ハロー、ハッピーワールド！,上海ハニー,ORANGE RANGE,ORANGE RANGE,笠井雄太（Elements Garden）
cover,hello-happy-world,ハロー、ハッピーワールド！,コレカラ,森由里子,馬渕直純,都丸椋太（Elements Garden）
cover,hello-happy-world,ハロー、ハッピーワールド！,全力少年,大橋卓弥/常田真太郎,大橋卓弥/常田真太郎,都丸椋太 （Elements Garden） /川渕龍成
cover,hello-happy-world,ハロー、ハッピーワールド！,ドレミファロンド,40mP,40mP,都丸椋太（Elements Garden）
cover,hello-happy-world,ハロー、ハッピーワールド！,POP TEAM EPIC,吟(BUSTED ROSE),吟(BUSTED ROSE),笠井雄太（Elements Garden）
cover,hello-happy-world,ハロー、ハッピーワールド！,ウィーアー！,藤林　聖子,田中　公平,近藤世真（Elements Garden）
cover,hello-happy-world,ハロー、ハッピーワールド！,おジャ魔女カーニバル!!,大森祥子,池毅,近藤世真（Elements Garden）
cover,hello-happy-world,ハロー、ハッピーワールド！,好き！雪！本気マジック,Mitchie M,Mitchie M,菊田大介（Elements Garden）
cover,hello-happy-world,ハロー、ハッピーワールド！,オレンジ,渡邊亜希子,Funta3,岩橋星実（Elements Garden）
cover,hello-happy-world,ハロー、ハッピーワールド！,SHINY DAYS,永塚健登,新田目翔,近藤世真（Elements Garden）
cover,hello-happy-world,ハロー、ハッピーワールド！,Happy Girl,大森祥子,河合英嗣,Elements Garden
cover,hello-happy-world,ハロー、ハッピーワールド！,ン・パカマーチ,森林檎,有澤孝紀,Elements Garden
cover,hello-happy-world,ハロー、ハッピーワールド！,ハッピー☆マテリアル,うらん,大川 茂伸,下田晃太郎（Elements Garden）
cover,hello-happy-world,ハロー、ハッピーワールド！,くちづけDiamond,河邉　徹,杉本　雄治,Elements Garden
cover,hello-happy-world,ハロー、ハッピーワールド！,ヒャダインのじょーじょーゆーじょー,前山田　健一,前山田　健一,Elements Garden
cover,hello-happy-world,ハロー、ハッピーワールド！,Storyteller,唐沢美帆,津波幸平,下田晃太郎（Elements Garden）
cover,hello-happy-world,ハロー、ハッピーワールド！,ミックスナッツ,藤原　聡,藤原　聡,岩橋星実（Elements Garden）
cover,hello-happy-world,ハロー、ハッピーワールド！,ようこそジャパリパークへ,大石 昌良,大石 昌良,Seonoo Kim（Elements Garden）
cover,hello-happy-world,ハロー、ハッピーワールド！,ダーリンダンス,かいりきベア,かいりきベア,日高勇輝（Elements Garden）
cover,hello-happy-world,ハロー、ハッピーワールド！,アイウエ,SAKURAmoti / 美波,SAKURAmoti / 美波,下田晃太郎（Elements Garden）
cover,hello-happy-world,ハロー、ハッピーワールド！,愛のしるし,草野 正宗,草野 正宗,日高勇輝（Elements Garden）
cover,hello-happy-world,ハロー、ハッピーワールド！,ダンスホール,大森　元貴,大森　元貴,岩橋星実（Elements Garden）
cover,hello-happy-world,ハロー、ハッピーワールド！,エゴロック,すりぃ,すりぃ,笠井雄太（Elements Garden）
cover,hello-happy-world,ハロー、ハッピーワールド！,強風オールバック,ゆこぴ,ゆこぴ,岩橋星実（Elements Garden）
cover,hello-happy-world,ハロー、ハッピーワールド！,きゅうくらりん,いよわ,いよわ,Seonoo Kim（Elements Garden）
cover,hello-happy-world,ハロー、ハッピーワールド！,ギミー！レボリューション,こだまさおり,田淵智也,日高勇輝（Elements Garden）
cover,hello-happy-world,ハロー、ハッピーワールド！,クラクラ,meiyo,meiyo,Seonoo Kim（Elements Garden）
cover,hello-happy-world,ハロー、ハッピーワールド！,はいよろこんで,こっちのけんと,こっちのけんと / GRP,近藤世真（Elements Garden）
cover,hello-happy-world,ハロー、ハッピーワールド！,最高到達点,Fukase,Nakajin,笠井雄太（Elements Garden）
cover,hello-happy-world,ハロー、ハッピーワールド！,怪獣,山口一郎,山口一郎、岩寺基晴、草刈愛美、岡崎英美、江島啓一,笠井雄太（Elements Garden）
cover,hello-happy-world,ハロー、ハッピーワールド！,ミラクルペイント,OSTER project,OSTER project,笠井雄太（Elements Garden）
cover,morfonica,Morfonica,メリッサ,新藤晴一,ak. homma,藤田淳平（Elements Garden）
cover,morfonica,Morfonica,chAngE,miwa,miwa,下田晃太郎（Elements Garden）
cover,morfonica,Morfonica,秒針を噛む,ACAね,ACAね×ぬゆり,下田晃太郎（Elements Garden）
cover,morfonica,Morfonica,LEVEL5-judgelight-,fripSide,八木沼悟志,下田晃太郎（Elements Garden）
cover,morfonica,Morfonica,深海少女,ゆうゆ,ゆうゆ,近藤世真（Elements Garden）
cover,morfonica,Morfonica,Nevereverland,ナノ,伊藤直樹,下田晃太郎（Elements Garden）
cover,morfonica,Morfonica,CQCQ,東野へいと,東野へいと,下田晃太郎（Elements Garden）
cover,morfonica,Morfonica,アゲハ蝶,ハルイチ,ak.homma,下田晃太郎（Elements Garden）
cover,morfonica,Morfonica,V.I.P,マオ,御恵明希,Elements Garden
cover,morfonica,Morfonica,COLORFUL BOX,分島花音,カヨコ,Elements Garden
cover,morfonica,Morfonica,月光花,yasu,yasu,下田晃太郎（Elements Garden）
cover,morfonica,Morfonica,unravel,TK,TK,下田晃太郎（Elements Garden）
cover,morfonica,Morfonica,ボクノート,大橋卓弥 常田真太郎,大橋卓弥 常田真太郎,下田晃太郎（Elements Garden）
cover,morfonica,Morfonica,Memento,hotaru,Tom-H@ck,Elements Garden
cover,morfonica,Morfonica,divine intervention,林英樹,佐藤純一,笠井雄太（Elements Garden）
cover,morfonica,Morfonica,Nameless Story,寺島拓篤,上松範康（Elements Garden）,近藤世真（Elements Garden）
cover,morfonica,Morfonica,ALIVE,重永亮介,重永亮介,日高勇輝（Elements Garden）
cover,morfonica,Morfonica,QUEEN,Kanaria,Kanaria,下田晃太郎（Elements Garden）
cover,morfonica,Morfonica,祝福,Ayase,Ayase,Seonoo Kim（Elements Garden）
cover,morfonica,Morfonica,Overdose,なとり,なとり,下田晃太郎（Elements Garden）
cover,morfonica,Morfonica,かくれんぼ,TKT,EREN,Seonoo Kim（Elements Garden）
cover,morfonica,Morfonica,勇者,Ayase,Ayase,近藤世真（Elements Garden）
cover,morfonica,Morfonica,輪舞-revolution,奥井 雅美,矢吹 俊郎,岩橋星実（Elements Garden）
cover,morfonica,Morfonica,again,YUI,YUI,堀川大翼（Elements Garden）
cover,morfonica,Morfonica,オン・ザ・フロントライン,シノダ,ゆーまお,岩橋星実（Elements Garden）
cover,morfonica,Morfonica,白い雪のプリンセスは,のぼる↑,のぼる↑,都丸椋太（Elements Garden）
cover,raise-a-suilen,RAISE A SUILEN,1/3の純情な感情,SIAM SHADE,SIAM SHADE,菊田大介（Elements Garden）
cover,raise-a-suilen,RAISE A SUILEN,激動,TAKUYA∞,TAKUYA∞,藤田淳平(Elements Garden)
cover,raise-a-suilen,RAISE A SUILEN,ヒトリノ夜,ハルイチ,ak. homma,菊田大介（Elements Garden）
cover,raise-a-suilen,RAISE A SUILEN,劣等上等,Reol,Giga,菊田大介（Elements Garden）/ 川渕龍成
cover,raise-a-suilen,RAISE A SUILEN,恋しさとせつなさと心強さと,小室哲哉,小室哲哉,ZENTA
cover,raise-a-suilen,RAISE A SUILEN,ブリキノダンス,日向電工,日向電工,日高勇輝（Elements Garden）
cover,raise-a-suilen,RAISE A SUILEN,DAYBREAK FRONTLINE,Orangestar,Orangestar,菊田大介（Elements Garden）
cover,raise-a-suilen,RAISE A SUILEN,CORE PRIDE,TAKUYA∞,TAKUYA∞、彰,日高勇輝（Elements Garden）
cover,raise-a-suilen,RAISE A SUILEN,Keep the Heat and Fire Yourself Up,"Fear, and Loathing in Las Vegas","Fear, and Loathing in Las Vegas",都丸椋太（Elements Garden）
cover,raise-a-suilen,RAISE A SUILEN,DEPARTURES,小室哲哉,小室哲哉,ZENTA
cover,raise-a-suilen,RAISE A SUILEN,Just Awake,"Fear, and Loathing in Las Vegas","Fear, and Loathing in Las Vegas",日高勇輝（Elements Garden）
cover,raise-a-suilen,RAISE A SUILEN,脳漿炸裂ガール,れるりり,れるりり,都丸椋太（Elements Garden）
cover,raise-a-suilen,RAISE A SUILEN,Cry Baby,藤原 聡,藤原 聡,都丸椋太（Elements Garden）
cover,raise-a-suilen,RAISE A SUILEN,メギツネ,MK-METAL・NORiMETAL,NORiMETAL,日高勇輝（Elements Garden）
cover,raise-a-suilen,RAISE A SUILEN,狂乱 Hey Kids!!,山中拓也,山中拓也,日高勇輝（Elements Garden）
cover,raise-a-suilen,RAISE A SUILEN,神っぽいな,ピノキオピー,ピノキオピー,下田晃太郎（Elements Garden）
cover,raise-a-suilen,RAISE A SUILEN,Get Wild,小室 みつ子,小室 哲哉,都丸椋太（Elements Garden）
cover,raise-a-suilen,RAISE A SUILEN,D-tecnoLife,TAKUYA∞,TAKUYA∞,日高勇輝（Elements Garden）
cover,raise-a-suilen,RAISE A SUILEN,裸の勇者,Vaundy,Vaundy,Seonoo Kim（Elements Garden）
cover,raise-a-suilen,RAISE A SUILEN,第ゼロ感,TAKUMA,TAKUMA,笠井雄太（Elements Garden）
cover,raise-a-suilen,RAISE A SUILEN,ボッカデラベリタ,柊キライ,柊キライ,下田晃太郎（Elements Garden）
cover,raise-a-suilen,RAISE A SUILEN,SOULSOUP,藤原 聡,藤原 聡,Seonoo Kim（Elements Garden）
cover,raise-a-suilen,RAISE A SUILEN,Bling-Bang-Bang-Born,R-指定,DJ松永,堀川大翼（Elements Garden）
cover,raise-a-suilen,RAISE A SUILEN,第六感,Reol,Reol、Giga,近藤世真（Elements Garden）
cover,raise-a-suilen,RAISE A SUILEN,百花繚乱,幾田 りら,幾田 りら,堀川大翼（Elements Garden）
cover,raise-a-suilen,RAISE A SUILEN,BROKEN GAMES,"MAQUMA, JACK","MAQUMA, JACK",日高勇輝（Elements Garden）
cover,mygo,MyGO!!!!!,猛独が襲う,一二三,一二三,小木岳司
cover,mygo,MyGO!!!!!,swim,GEN,GEN,森本練
cover,mygo,MyGO!!!!!,ホワイトノイズ,藤原 聡,藤原 聡,小木岳司
cover,mygo,MyGO!!!!!,ノンブレス・オブリージュ,ピノキオピー,ピノキオピー,小木岳司
cover,mygo,MyGO!!!!!,「僕は…」,ひとみ,ひとみ,植木建象/加藤貴之
cover,mygo,MyGO!!!!!,雑踏、僕らの街,大濱 健悟,大濱 健悟,植木建象、加藤貴之
cover,mygo,MyGO!!!!!,遥か彼方,後藤 正文,後藤 正文,植木建象、冬真
cover,mygo,MyGO!!!!!,Subtitle,藤原 聡,藤原 聡,植木建象、冬真
cover,mygo,MyGO!!!!!,だれかの心臓になれたなら,ユリイ・カノン,ユリイ・カノン,植木建象、YOUSAY
cover,mygo,MyGO!!!!!,Velonica,太志,Aqua Timez,植木建象、神田ジョン(from PENGUIN RESEARCH)
cover,mygo,Pastel＊Palettes×友希那,デビルじゃないもん,DECO*27 & ピノキオピー,DECO*27 & ピノキオピー,岩橋星実（Elements Garden）
cover,other,Poppin’Party×Glitter*Green,正解はひとつ!じゃない!!,畑亜貴,山口朗彦,都丸椋太（Elements Garden）
cover,other,戸山香澄×Afterglow,天体観測,藤原基央,藤原基央,都丸椋太（Elements Garden）
cover,other,ハロー、ハッピーワールド！×蘭×彩,ハレ晴レユカイ,畑亜貴,田代智一,藤永龍太郎（Elements Garden）
cover,other,Roselia×蘭,革命デュアリズム,Hibiki,上松範康（Elements Garden）,岩橋星実（Elements Garden）
cover,other,Poppin'Party×彩×こころ,檄！帝国華撃団,広井王子,田中公平,笠井雄太（Elements Garden）
cover,other,Poppin'Party×友希那,創聖のアクエリオン,岩里祐穂,菅野よう子,笠井雄太（Elements Garden）
cover,other,Afterglow×こころ,GO!!!,KOHSHI,TAKE,笠井雄太（Elements Garden）
cover,other,RAISE A SUILEN×友希那,SAVIOR OF SONG,ナノ,MY FIRST STORY,菊田大介（Elements Garden）
cover,other,Pastel＊Palettes×こころ×ましろ,ムーンライト伝説,小田佳奈子,小諸鉄矢,下田晃太郎(Elements Garden)
cover,other,Afterglow×香澄,ドラマツルギー,Eve,Eve,日高勇輝（Elements Garden）
cover,other,ハロー、ハッピーワールド！×彩×ましろ,シル・ヴ・プレジデント,ナナホシ管弦楽団,岩見陸,笠井雄太（Elements Garden）
cover,other,Afterglow×香澄,グッバイ宣言,Chinozo,Chinozo,Elements Garden
cover,other,Roselia×レイヤ,曇天,氏原 ワタル,氏原 ワタル,笠井雄太（Elements Garden）
cover,other,Roselia×蘭,Preserved Roses,井上　秋緒,浅倉　大介,都丸椋太（Elements Garden）
cover,other,ハロー、ハッピーワールド！×香澄×有咲×イヴ,もってけ！セーラーふく,畑 亜貴,神前 暁,堀川大翼（Elements Garden）
cover,other,Morfonica×友希那,群青,Ayase,Ayase,Seonoo Kim（Elements Garden）
cover,other,Afterglow×レイヤ,閃光,川上洋平,川上洋平,岩橋星実（Elements Garden）
cover,other,日菜×千聖×麻弥×友希那×紗夜×リサ×燐子×薫×花音,YELL,水野　良樹,水野　良樹,岩橋星実（Elements Garden）
cover,other,Pastel＊Palettes×有咲×つぐみ×ましろ,五等分の気持ち,齊藤　信治,齊藤　信治,下田晃太郎（Elements Garden）
cover,other,Poppin'Party×ましろ,少女レイ,みきとP,みきとP,日高勇輝（Elements Garden）
cover,other,ハロー、ハッピーワールド！×蘭,チューリングラブ,ナユタセイジ / ナナヲアカリ,ナユタセイジ,日高勇輝（Elements Garden）
cover,other,RAISE A SUILEN×友希那,踊,DECO＊27,Giga・TeddyLoid,竹田祐介（Elements Garden）
cover,other,Pastel＊Palettes×パレオ,惑星ループ,ナユタン星人,ナユタン星人,Seonoo Kim（Elements Garden）
cover,other,Pastel＊Palettes×花音,どりーみんチュチュ,emon(Tes.),emon(Tes.),笠井雄太（Elements Garden）
cover,other,Roselia×蘭,Surges,Orangestar,Orangestar,堀川大翼（Elements Garden）
cover,other,Pastel＊Palettes×蘭,愛包ダンスホール,Gohgo,涼木シンジ、Gohgo,日高勇輝（Elements Garden）
cover,other,Poppin'Party×燈,幾億光年,福島 智朗,藤井 怜央,堀川大翼（Elements Garden）
cover,other,ハロー、ハッピーワールド！×ましろ,シカ色デイズ,やぎぬまかな,和賀裕希,堀川大翼（Elements Garden）
cover,other,Roselia×レイヤ,悪魔の子,ヒグチアイ,ヒグチアイ,Seonoo Kim（Elements Garden）
cover,other,OTHER,I wonder,,花村想太 / MEG.ME / Louis,近藤世真（Elements Garden）
cover,other,Morfonica×燈,Same Blue,藤原 聡,藤原 聡,堀川大翼（Elements Garden）
cover,other,ハロー、ハッピーワールド！×レイヤ,イケナイ太陽,ORANGE RANGE,ORANGE RANGE,日高勇輝（Elements Garden）
extra,poppinparty,Poppin'Party×鈴木このみ,DAYS of DASH,畑亜貴,白戸佑輔,Elements Garden
extra,poppinparty,Poppin'Party×ときのそら,あの夢をなぞって,Ayase,Ayase,Elements Garden
extra,poppinparty,Poppin'Party×P丸様。,乙女はサイコパス,コレサワ,コレサワ,笠井雄太（Elements Garden）
extra,poppinparty,Poppin'Party×ハローキティ,じょいふる,水野良樹,水野良樹,日高勇輝（Elements Garden）
extra,afterglow,Afterglow×FLOW,COLORS,KOHSHI ASAKAWA・KEIGO HAYASHI,TAKESHI ASAKAWA,日高勇輝（Elements Garden）
extra,afterglow,Afterglow×96猫,フォニイ,ツミキ,ツミキ,都丸椋太（Elements Garden）
extra,afterglow,Afterglow×宝鐘マリン,Ahoy!! 我ら宝鐘海賊団☆,まろん,ARM,岩橋星実（Elements Garden）
extra,pastel-palettes,Pastel＊Palettes×湊あくあ,ファンサ,HoneyWorks,HoneyWorks,Elements Garden
extra,pastel-palettes,Pastel＊Palettes×ClariS,ヒトリゴト,ケリー,野村陽一郎,近藤世真（Elements Garden）
extra,pastel-palettes,Pastel＊Palettes×マイメロディ,♡桃色片想い♡,つんく,つんく,笠井雄太（Elements Garden）
extra,roselia,Roselia×いとうかなこ,スカイクラッドの観測者,志倉千代丸,志倉千代丸,日高勇輝（Elements Garden）
extra,roselia,Roselia×＋α／あるふぁきゅん。,転生林檎,ピノキオピー,ピノキオピー,堀川大翼（Elements Garden）
extra,roselia,Roselia×ロボ子さん×常闇トワ×沙花叉クロヱ,聖少女領域,宝野 アリカ,片倉 三起也,都丸椋太（Elements Garden）
extra,roselia,Roselia×沙花叉クロヱ,擬態ごっこ,DECO*27,DECO*27,堀川大翼（Elements Garden）
extra,hello-happy-world,ハロー、ハッピーワールド！×Machico,TOMORROW,桜アス恵(TRYTONELABO),岡野裕次郎(TRYTONELABO),Elements Garden
extra,hello-happy-world,ハロー、ハッピーワールド！×白上フブキ,ぼなぺてぃーと♡Ｓ,こだまさおり,y0c1e,Elements Garden
extra,hello-happy-world,ハロー、ハッピーワールド！×P丸様。,シル・ヴ・プレジデント,ナナホシ管弦楽団,岩見陸,笠井雄太（Elements Garden）
extra,morfonica,Morfonica×fhána,青空のラプソディ,林　英樹,佐藤　純一,岩橋星実（Elements Garden）/下田晃太郎（Elements Garden）
extra,morfonica,Morfonica×雪花ラミィ,Fleur,Neko Hacker,山田 高弘,岩橋星実（Elements Garden）
extra,raise-a-suilen,RAISE A SUILEN×MYTH & ROID,VORACITY,MYTH & ROID,MYTH & ROID,竹田祐介（Elements Garden）
extra,raise-a-suilen,RAISE A SUILEN×星街すいせい,Stellar Stellar,星街すいせい,TAKU INOUE,近藤世真（Elements Garden）
extra,mygo,MyGO!!!!!×獅白ぼたん,Lioness' Pride,かめりあ,かめりあ,小木岳司